,n_genes,leiden,cluster
AAACATACAACCAC-1,781,1,1
AAACATTGAGCTAC-1,1352,1,1
AAACATTGATCAGC-1,1131,1,1
AAACCGTGCTTCCG-1,960,6,6
AAACCGTGTATGCG-1,522,5,5
AAACGCACTGGTAC-1,782,3,3
AAACGCTGACCAGT-1,783,0,0
AAACGCTGGTTCTT-1,790,0,0
AAACGCTGTAGCCA-1,533,4,4
AAACGCTGTTTCTG-1,550,2,2
AAACTTGAAAAACG-1,1116,1,1
AAACTTGATCCAGA-1,751,0,0
AAAGAGACGAGATA-1,866,0,0
AAAGAGACGCGAGA-1,1059,2,2
AAAGAGACGGACTT-1,458,3,3
AAAGAGACGGCATT-1,335,5,5
AAAGATCTGGGCAA-1,552,2,2
AAAGCAGAAGCCAT-1,567,5,5
AAAGCAGATATCGG-1,1424,6,6
AAAGCCTGTATGCG-1,1014,1,1
AAAGGCCTGTCTAG-1,1446,1,1
AAAGTTTGATCACG-1,446,4,4
AAAGTTTGGGGTGA-1,1020,4,4
AAAGTTTGTAGAGA-1,417,5,5
AAAGTTTGTAGCGT-1,878,2,2
AAATCAACAATGCC-1,789,4,4
AAATCAACACCAGT-1,510,5,5
AAATCAACCAGGAG-1,824,0,0
AAATCAACCCTATT-1,1545,6,6
AAATCAACGGAAGC-1,996,0,0
AAATCAACTCGCAA-1,937,0,0
AAATCATGACCACA-1,1368,6,6
AAATCCCTCCACAA-1,428,5,5
AAATCCCTGCTATG-1,406,4,4
AAATGTTGAACGAA-1,1020,2,2
AAATGTTGCCACAA-1,786,3,3
AAATGTTGTGGCAT-1,1019,2,2
AAATTCGAAGGTTC-1,750,0,0
AAATTCGAATCACG-1,822,2,2
AAATTCGAGCTGAT-1,982,6,6
AAATTCGAGGAGTG-1,876,0,0
AAATTCGATTCTCA-1,930,3,3
AAATTGACACGACT-1,838,0,0
AAATTGACTCGCTC-1,1014,1,1
AACAAACTCATTTC-1,732,0,0
AACAAACTTTCGTT-1,877,0,0
AACAATACGACGAG-1,782,0,0
AACACGTGCAGAGG-1,787,5,5
AACACGTGGAAAGT-1,791,0,0
AACACGTGGAACCT-1,880,2,2
AACACGTGGCTACA-1,801,1,1
AACACGTGTACGAC-1,1215,6,6
AACAGCACAAGAGT-1,343,2,2
AACATTGATGGGAG-1,1460,6,6
AACCAGTGATACCG-1,1250,6,6
AACCCAGATCGCTC-1,756,1,1
AACCGATGCTCCCA-1,836,0,0
AACCGATGGTCATG-1,824,4,4
AACCGATGTTCTAC-1,827,2,2
AACCGCCTAGCGTT-1,1238,1,1
AACCGCCTCTACGA-1,1243,6,6
AACCTACTGTGAGG-1,1652,2,2
AACCTACTGTGTTG-1,843,0,0
AACCTTACGAGACG-1,825,0,0
AACCTTACGCGAGA-1,656,3,3
AACCTTACTAACGC-1,776,6,6
AACCTTTGGACGGA-1,766,0,0
AACCTTTGTACGCA-1,1465,6,6
AACGCAACAAGTAG-1,790,0,0
AACGCATGACCCAA-1,871,1,1
AACGCATGCCTTCG-1,803,1,1
AACGCATGTACTTC-1,965,1,1
AACGCCCTCGGGAA-1,800,1,1
AACGCCCTCGTACA-1,876,3,3
AACGCCCTGCTTAG-1,420,5,5
AACGCCCTGGCATT-1,690,3,3
AACGTCGAGTATCG-1,988,3,3
AACGTGTGAAAGCA-1,906,0,0
AACGTGTGGCGGAA-1,741,4,4
AACGTGTGTCCAAG-1,620,5,5
AACGTGTGTGCTTT-1,867,3,3
AACTACCTTAGAGA-1,916,0,0
AACTCACTCAAGCT-1,969,2,2
AACTCACTTGGAGG-1,803,2,2
AACTCGGAAAGTGA-1,732,3,3
AACTCGGAAGGTCT-1,555,2,2
AACTCTTGCAGGAG-1,790,1,1
AACTGTCTCCCTTG-1,862,2,2
AACTTGCTACGCTA-1,900,4,4
AACTTGCTGGGACA-1,674,0,0
AAGAACGAGTGTTG-1,397,5,5
AAGAAGACGTAGGG-1,663,4,4
AAGACAGAAGTCTG-1,563,4,4
AAGACAGAGGATCT-1,786,0,0
AAGACAGATTACCT-1,859,2,2
AAGAGATGGGTAGG-1,568,4,4
AAGATGGAAAACAG-1,412,4,4
AAGATGGAGAACTC-1,1043,6,6
AAGATGGAGATAAG-1,1206,6,6
AAGATTACAACCTG-1,702,0,0
AAGATTACAGATCC-1,1263,2,2
AAGATTACCCGTTC-1,929,2,2
AAGATTACCGCCTT-1,1079,2,2
AAGATTACCTCAAG-1,938,3,3
AAGATTACTCCTCG-1,316,2,2
AAGCAAGAGCGAGA-1,900,0,0
AAGCAAGAGCTTAG-1,919,3,3
AAGCAAGAGGTGTT-1,862,5,5
AAGCACTGAGCAAA-1,903,1,1
AAGCACTGCATACG-1,390,5,5
AAGCACTGGTTCTT-1,1717,1,1
AAGCCAACGTGTTG-1,819,1,1
AAGCCATGAACTGC-1,1877,7,7
AAGCCATGACACGT-1,660,2,2
AAGCCATGCGTGAT-1,791,0,0
AAGCCATGTCTCGC-1,478,5,5
AAGCCTGACATGCA-1,769,3,3
AAGCCTGACCGAAT-1,481,2,2
AAGCGACTCCTCAC-1,819,6,6
AAGCGACTGTGTCA-1,866,0,0
AAGCGACTTACAGC-1,600,4,4
AAGCGACTTTGACG-1,1185,6,6
AAGCGTACGTCTTT-1,650,0,0
AAGGCTTGCGAACT-1,775,3,3
AAGGTCACGGTTAC-1,699,6,6
AAGGTCACTGTTTC-1,642,4,4
AAGGTCACTTCCCG-1,857,0,0
AAGGTCTGACAGTC-1,832,1,1
AAGGTCTGCAGATC-1,388,5,5
AAGGTCTGGTATGC-1,351,2,2
AAGTAACTCTGAAC-1,710,2,2
AAGTAACTGAGATA-1,341,4,4
AAGTAGGATACAGC-1,894,3,3
AAGTATACCGAACT-1,935,1,1
AAGTCCGACTTGTT-1,604,5,5
AAGTCCGATAGAAG-1,1008,1,1
AAGTCTCTAGTCGT-1,985,0,0
AAGTCTCTCGGAGA-1,679,3,3
AAGTGGCTTGGAGG-1,603,4,4
AAGTTCCTCATTCT-1,864,6,6
AAGTTCCTTCTTAC-1,1031,0,0
AATAAGCTCGAATC-1,887,1,1
AATAAGCTCGTTGA-1,603,0,0
AATACCCTGGACGA-1,610,4,4
AATACCCTGGCATT-1,1119,0,0
AATACTGAAAGGGC-1,669,3,3
AATACTGAATTGGC-1,794,3,3
AATAGGGAACCCTC-1,963,4,4
AATAGGGAGAATGA-1,756,3,3
AATCAAACTATCGG-1,637,5,5
AATCCGGAATGCTG-1,1032,4,4
AATCCTACCGGTAT-1,776,1,1
AATCCTTGACGGGA-1,860,2,2
AATCCTTGGTGAGG-1,825,3,3
AATCGGTGGAACTC-1,852,3,3
AATCGGTGTGCTTT-1,745,0,0
AATCTAGAAAAGTG-1,858,1,1
AATCTAGAATCGGT-1,925,0,0
AATCTCACAGCCTA-1,1228,2,2
AATCTCACTCTAGG-1,806,5,5
AATCTCTGAACAGA-1,715,0,0
AATCTCTGCTTTAC-1,668,3,3
AATGATACACCAAC-1,779,3,3
AATGATACGGTCAT-1,1197,2,2
AATGCGTGACACCA-1,888,4,4
AATGCGTGGACGGA-1,1273,7,7
AATGCGTGGCTATG-1,873,4,4
AATGGAGAATCGTG-1,847,2,2
AATGGAGATCCTTA-1,781,3,3
AATGGCTGACACCA-1,959,4,4
AATGGCTGCGTGAT-1,805,0,0
AATGGCTGTAAAGG-1,554,5,5
AATGGCTGTACTCT-1,604,5,5
AATGGCTGTGAAGA-1,785,0,0
AATGTAACGGTGGA-1,978,0,0
AATGTAACGTTTGG-1,537,5,5
AATGTCCTCTTCTA-1,910,1,1
AATGTTGACAGTCA-1,936,1,1
AATGTTGAGTTGAC-1,997,2,2
AATGTTGATCTACT-1,961,1,1
AATTACGAATTCCT-1,1314,7,7
AATTACGACTTCTA-1,799,1,1
AATTACGAGTAGCT-1,997,3,3
AATTACGAGTGAGG-1,1112,1,1
AATTACGATTGGCA-1,677,4,4
AATTCCTGCTCAGA-1,775,4,4
AATTGATGTCGCAA-1,1298,6,6
AATTGTGACTTGGA-1,657,4,4
ACAAAGGAGGGTGA-1,626,0,0
ACAAATTGATTCTC-1,1313,6,6
ACAAATTGCTCAGA-1,467,2,2
ACAAATTGTTGCGA-1,936,3,3
ACAACCGAGGGATG-1,977,3,3
ACAACCGAGTTACG-1,780,0,0
ACAAGAGAAGTCGT-1,1311,2,2
ACAAGAGACTTATC-1,432,3,3
ACAAGAGAGTTGAC-1,579,4,4
ACAATCCTAACCGT-1,850,1,1
ACAATCCTTAGCGT-1,736,4,4
ACAATTGACTGACA-1,800,3,3
ACAATTGATGACTG-1,892,3,3
ACACAGACACCTGA-1,299,2,2
ACACAGACCATACG-1,860,3,3
ACACCAGAGGGCAA-1,720,3,3
ACACCCTGGTGTTG-1,822,3,3
ACACGAACAGTTCG-1,681,5,5
ACACGATGACGCAT-1,954,3,3
ACACGATGATGTGC-1,889,2,2
ACACGATGTCGTAG-1,1265,1,1
ACACGATGTGGTCA-1,919,3,3
ACAGACACGGCATT-1,799,3,3
ACAGACACGTTGTG-1,833,3,3
ACAGCAACACCTAG-1,496,2,2
ACAGCAACCTCAAG-1,1476,6,6
ACAGGTACCCCACT-1,848,0,0
ACAGGTACGCTGTA-1,869,0,0
ACAGGTACTGGTGT-1,1059,3,3
ACAGTCGACCCAAA-1,490,5,5
ACAGTCGACCGATA-1,897,3,3
ACAGTGACTCACCC-1,832,0,0
ACAGTGACTCTATC-1,864,3,3
ACAGTGTGGTCACA-1,419,5,5
ACAGTGTGTTGCGA-1,856,2,2
ACATCACTCTACTT-1,907,2,2
ACATGGTGAAGCCT-1,791,0,0
ACATGGTGCAACCA-1,756,4,4
ACATGGTGCGAGTT-1,771,0,0
ACATGGTGCGTTGA-1,690,5,5
ACATTCTGGCATAC-1,957,1,1
ACATTCTGGGAACG-1,1190,2,2
ACCAACGACATGCA-1,680,0,0
ACCACAGAAAGTAG-1,524,5,5
ACCACAGAGTTGGT-1,908,1,1
ACCACCTGTGTGCA-1,506,5,5
ACCACGCTACAGCT-1,851,0,0
ACCACGCTACCCAA-1,775,3,3
ACCACGCTGCGAGA-1,793,3,3
ACCACGCTGCTGTA-1,748,0,0
ACCAGCCTGACAGG-1,951,1,1
ACCAGTGAACGGTT-1,643,4,4
ACCAGTGAATACCG-1,1277,6,6
ACCAGTGAGGGATG-1,828,0,0
ACCAGTGATGACTG-1,480,2,2
ACCATTACCTTCTA-1,969,1,1
ACCATTACGAGATA-1,1112,3,3
ACCATTTGTCATTC-1,648,5,5
ACCCAAGAACTGTG-1,805,3,3
ACCCAAGAATTCCT-1,1223,6,6
ACCCAAGAGGACAG-1,1023,1,1
ACCCAAGATTCACT-1,669,4,4
ACCCACTGCGCCTT-1,489,2,2
ACCCACTGGACAGG-1,390,5,5
ACCCACTGGTTCAG-1,350,5,5
ACCCACTGTCGTAG-1,1113,2,2
ACCCAGCTCAGAAA-1,837,1,1
ACCCAGCTGTTAGC-1,1547,2,2
ACCCAGCTTGCTTT-1,840,1,1
ACCCGTTGATGACC-1,581,4,4
ACCCGTTGCTGCAA-1,748,0,0
ACCCGTTGCTTCTA-1,1861,1,1
ACCCTCGACCTATT-1,735,5,5
ACCCTCGACGGTAT-1,488,4,4
ACCCTCGATAAGGA-1,1016,6,6
ACCCTCGATCAAGC-1,585,2,2
ACCGTGCTACCAGT-1,797,3,3
ACCGTGCTGGAACG-1,769,4,4
ACCTATTGCTGAGT-1,490,5,5
ACCTATTGTGCCCT-1,1307,6,6
ACCTCCGAGTCCTC-1,895,1,1
ACCTCCGATATGCG-1,686,5,5
ACCTCCGATGCTGA-1,602,0,0
ACCTCGTGAACCAC-1,772,3,3
ACCTGAGATATCGG-1,704,2,2
ACCTGGCTAAGTAG-1,892,3,3
ACCTGGCTGTCTTT-1,446,2,2
ACCTTTGACTCCCA-1,1169,2,2
ACCTTTGAGGAACG-1,1375,2,2
ACCTTTGAGGAAGC-1,1189,6,6
ACGAACACCTTGTT-1,892,3,3
ACGAACTGGCTATG-1,2455,6,6
ACGAAGCTCTCCAC-1,355,5,5
ACGAAGCTCTGAGT-1,1856,1,1
ACGACCCTATCTCT-1,1317,6,6
ACGACCCTGATGAA-1,703,0,0
ACGACCCTTGACAC-1,825,4,4
ACGACCCTTGACCA-1,736,0,0
ACGAGGGACAGGAG-1,1997,7,7
ACGAGGGACGAACT-1,892,0,0
ACGAGGGATGTAGC-1,1034,1,1
ACGAGTACCCTAAG-1,545,4,4
ACGAGTACGAATCC-1,1188,1,1
ACGATCGAGGACTT-1,659,5,5
ACGATCGAGTCACA-1,1056,2,2
ACGATGACAATGCC-1,819,1,1
ACGATGACTGGTCA-1,979,1,1
ACGATTCTACGGGA-1,632,3,3
ACGCAATGGTTCAG-1,598,3,3
ACGCACCTGTTAGC-1,690,4,4
ACGCCACTGAACTC-1,310,2,2
ACGCCGGAAACCAC-1,803,2,2
ACGCCGGAAAGCCT-1,743,0,0
ACGCCGGAAATGCC-1,560,5,5
ACGCCTTGCTCCCA-1,1073,6,6
ACGCGGTGGCGAGA-1,844,0,0
ACGCGGTGTGTGGT-1,882,4,4
ACGCGGTGTTTGCT-1,841,3,3
ACGCTCACAGTACC-1,815,0,0
ACGCTCACCCTTGC-1,771,0,0
ACGCTGCTGTTCTT-1,976,3,3
ACGGAACTCAGATC-1,986,3,3
ACGGAACTGTCGTA-1,820,6,6
ACGGAGGACTCTTA-1,957,2,2
ACGGATTGGGAGGT-1,640,4,4
ACGGATTGGTTAGC-1,1012,1,1
ACGGCTCTGAGCAG-1,927,1,1
ACGGCTCTTGCACA-1,794,1,1
ACGGTAACCGCTAA-1,753,3,3
ACGGTAACCTTCGC-1,791,3,3
ACGGTAACGGTGGA-1,366,5,5
ACGGTAACTCGCAA-1,539,5,5
ACGGTATGAGTCGT-1,752,2,2
ACGGTATGGGTATC-1,769,4,4
ACGGTATGGTTGTG-1,650,4,4
ACGGTCCTAACGGG-1,947,3,3
ACGGTCCTCGGGAA-1,771,1,1
ACGTAGACAACCAC-1,824,5,5
ACGTAGACTACAGC-1,744,4,4
ACGTCAGAAACGAA-1,837,0,0
ACGTCAGAGAGCTT-1,723,2,2
ACGTCAGAGGGATG-1,640,5,5
ACGTCCTGATAAGG-1,923,2,2
ACGTCCTGTGAACC-1,1174,2,2
ACGTCGCTCCTGAA-1,1597,3,3
ACGTCGCTCTATTC-1,699,2,2
ACGTCGCTTCTCAT-1,618,4,4
ACGTGATGCCATGA-1,1418,7,7
ACGTGATGGGTCTA-1,820,0,0
ACGTGATGTAACCG-1,1047,6,6
ACGTGATGTGACAC-1,981,3,3
ACGTGCCTCCGTAA-1,866,3,3
ACGTGCCTTCTATC-1,527,5,5
ACGTTACTTTCCAT-1,762,5,5
ACGTTGGAAAAGCA-1,717,0,0
ACGTTGGAAACCTG-1,860,3,3
ACGTTGGACCGTAA-1,603,2,2
ACGTTGGAGCCAAT-1,828,3,3
ACGTTGGATATGGC-1,476,4,4
ACGTTGGATCAGGT-1,1071,6,6
ACGTTTACATCAGC-1,775,0,0
ACTAAAACCCACAA-1,614,5,5
ACTAAAACTCGACA-1,913,2,2
ACTACGGAATTTCC-1,836,0,0
ACTACGGACCTATT-1,669,0,0
ACTACGGATCGCTC-1,942,0,0
ACTACTACTAAGGA-1,792,1,1
ACTAGGTGGAACCT-1,871,3,3
ACTAGGTGGAACTC-1,1046,1,1
ACTATCACCTTGGA-1,859,3,3
ACTATCACTGCCAA-1,793,0,0
ACTCAGGACTGAAC-1,822,0,0
ACTCAGGATCTATC-1,751,4,4
ACTCAGGATTCGTT-1,435,2,2
ACTCCTCTCAACTG-1,1142,1,1
ACTCGCACGAAAGT-1,781,2,2
ACTCGCACTACGAC-1,718,2,2
ACTCTCCTGACACT-1,471,5,5
ACTCTCCTGCATAC-1,1750,1,1
ACTCTCCTGTTTGG-1,892,1,1
ACTGAGACAACCAC-1,841,5,5
ACTGAGACCCATAG-1,1156,6,6
ACTGAGACGTTGGT-1,1031,1,1
ACTGCCACACACGT-1,912,3,3
ACTGCCACTCCGTC-1,873,3,3
ACTGGCCTTCAGTG-1,824,3,3
ACTGTGGACGTGTA-1,1233,1,1
ACTGTGGATCTAGG-1,1312,1,1
ACTGTTACCCACAA-1,575,2,2
ACTGTTACTGCAGT-1,605,0,0
ACTTAAGAACCACA-1,717,0,0
ACTTAAGACCACAA-1,665,5,5
ACTTAAGATTACTC-1,1019,7,7
ACTTAGCTGCGTAT-1,1215,6,6
ACTTAGCTGGGAGT-1,928,1,1
ACTTCAACAAGCAA-1,1780,1,1
ACTTCAACGTAGGG-1,657,3,3
ACTTCCCTTTCCGC-1,718,0,0
ACTTCTGACATGCA-1,646,4,4
ACTTGACTCCACAA-1,808,4,4
ACTTGGGAGAAAGT-1,1120,2,2
ACTTGGGAGGTTTG-1,750,5,5
ACTTGGGATGTGAC-1,390,2,2
ACTTGGGATTGACG-1,1100,2,2
ACTTGTACCCGAAT-1,911,0,0
ACTTGTACCTGTCC-1,456,5,5
ACTTTGTGCGATAC-1,267,5,5
ACTTTGTGGAAAGT-1,755,0,0
ACTTTGTGGATAGA-1,1118,2,2
AGAAACGAAAGTAG-1,571,4,4
AGAAAGTGCGCAAT-1,867,1,1
AGAAAGTGGGGATG-1,728,2,2
AGAACAGAAATGCC-1,916,3,3
AGAACAGACGACTA-1,491,4,4
AGAACAGAGACAAA-1,960,1,1
AGAACGCTTTGCTT-1,625,0,0
AGAAGATGTGACTG-1,1090,0,0
AGAATGGAAGAAGT-1,772,3,3
AGAATTTGTAACCG-1,968,1,1
AGAATTTGTAGAGA-1,480,0,0
AGACACACTGTAGC-1,810,0,0
AGACACTGTCAAGC-1,725,2,2
AGACCTGAAGTAGA-1,1016,2,2
AGACCTGACCAACA-1,1011,1,1
AGACCTGAGGAAGC-1,1075,1,1
AGACGTACAGAGGC-1,808,1,1
AGACGTACCCCTAC-1,672,4,4
AGACGTACCTCTTA-1,950,2,2
AGACGTACTCGTGA-1,862,6,6
AGACTGACCATCAG-1,766,5,5
AGACTGACCCTTTA-1,963,1,1
AGACTTCTCATGCA-1,507,4,4
AGAGATGACAGTCA-1,570,4,4
AGAGATGACTGAAC-1,678,0,0
AGAGATGAGGTTTG-1,768,2,2
AGAGATGATCTCGC-1,1037,1,1
AGAGATGATTGTGG-1,885,0,0
AGAGCGGAGGCAAG-1,1426,2,2
AGAGGTCTACAGCT-1,2815,1,1
AGAGTCTGGTCGTA-1,1496,6,6
AGAGTGCTCAGCTA-1,587,3,3
AGAGTGCTCGAATC-1,879,0,0
AGAGTGCTGTCATG-1,924,1,1
AGAGTGCTGTCCTC-1,783,3,3
AGAGTGCTGTGTTG-1,696,4,4
AGATATACCCGTAA-1,1057,3,3
AGATATACGATGAA-1,783,0,0
AGATATACTGTTCT-1,867,4,4
AGATATTGCCTACC-1,919,3,3
AGATATTGGCCAAT-1,1251,2,2
AGATCGTGTCTGGA-1,1023,6,6
AGATCGTGTTTGTC-1,727,4,4
AGATCTCTATCACG-1,645,4,4
AGATTAACGTTCTT-1,1217,6,6
AGATTCCTATCGTG-1,929,0,0
AGATTCCTCACTTT-1,792,2,2
AGATTCCTGACGAG-1,994,2,2
AGATTCCTGTTCAG-1,1025,3,3
AGCAAAGATATGCG-1,946,0,0
AGCACAACAGTCTG-1,600,0,0
AGCACTGAGGGAGT-1,881,0,0
AGCACTGATATGCG-1,975,0,0
AGCACTGATGCTTT-1,1609,7,7
AGCACTGATTGCGA-1,758,0,0
AGCATCGAAGATCC-1,772,5,5
AGCATCGAAGGGTG-1,682,4,4
AGCATCGAGCTTCC-1,998,2,2
AGCATCGAGTGAGG-1,979,0,0
AGCATCGATAACCG-1,1045,2,2
AGCATGACGATGAA-1,706,3,3
AGCCAATGGGGAGT-1,808,2,2
AGCCAATGTATCTC-1,855,1,1
AGCCACCTGGATCT-1,819,3,3
AGCCGGTGCCAATG-1,1147,1,1
AGCCGGTGTGTTTC-1,742,1,1
AGCCGTCTCAATCG-1,914,0,0
AGCCGTCTGAGAGC-1,969,1,1
AGCCTCACGTTCGA-1,704,0,0
AGCCTCACTGTCAG-1,1398,6,6
AGCCTCTGCAGTTG-1,581,4,4
AGCCTCTGCCAATG-1,809,3,3
AGCGAACTGGATCT-1,921,0,0
AGCGAACTTACTGG-1,805,0,0
AGCGATACGGAGCA-1,542,5,5
AGCGATTGAGATCC-1,888,3,3
AGCGCCGAATCTCT-1,519,5,5
AGCGCCGACAGAGG-1,1092,3,3
AGCGCTCTACCTTT-1,762,5,5
AGCGGCACCGGGAA-1,698,0,0
AGCGGCTGATGTGC-1,752,1,1
AGCGGGCTTGCCAA-1,771,1,1
AGCGTAACATGCTG-1,899,1,1
AGCGTAACTGAGAA-1,1101,2,2
AGCTCGCTACTGGT-1,760,0,0
AGCTCGCTCTGCTC-1,881,1,1
AGCTGAACCATACG-1,1124,6,6
AGCTGAACCTCTCG-1,809,1,1
AGCTGCCTTGGGAG-1,445,2,2
AGCTGCCTTTCATC-1,1703,1,1
AGCTGCCTTTCTGT-1,789,0,0
AGCTGTGATCCAAG-1,641,5,5
AGCTTTACAAGTAG-1,819,0,0
AGCTTTACACCAAC-1,890,3,3
AGCTTTACTCTCAT-1,767,4,4
AGGAAATGAGGAGC-1,806,3,3
AGGAACCTCTTAGG-1,1323,6,6
AGGAACCTTGCCTC-1,942,3,3
AGGAATGATAACGC-1,807,3,3
AGGAATGATTTGTC-1,981,0,0
AGGAGTCTGGTTTG-1,888,0,0
AGGAGTCTTGTCAG-1,726,0,0
AGGATAGACATTTC-1,1190,1,1
AGGATAGAGGATTC-1,826,3,3
AGGATGCTACTAGC-1,661,0,0
AGGATGCTTTAGGC-1,713,3,3
AGGCAACTGAAGGC-1,816,0,0
AGGCAGGAGTACCA-1,822,3,3
AGGCCTCTAGTCGT-1,806,0,0
AGGCCTCTCGGAGA-1,864,0,0
AGGCCTCTCGTAAC-1,464,5,5
AGGGACGACGTTGA-1,664,0,0
AGGGACGAGTCAAC-1,931,3,3
AGGGACGAGTTGTG-1,860,1,1
AGGGACGATAGAGA-1,674,5,5
AGGGACGATGCATG-1,803,3,3
AGGGAGTGAGCCTA-1,464,5,5
AGGGCCACCATACG-1,788,0,0
AGGGCGCTAACCAC-1,1068,2,2
AGGGCGCTATGGTC-1,781,5,5
AGGGTGGACAGTCA-1,843,4,4
AGGGTGGACTCAAG-1,779,2,2
AGGGTGGAGTTGCA-1,873,3,3
AGGGTTTGTTCATC-1,707,2,2
AGGTCATGAGTGTC-1,492,4,4
AGGTCATGCTTATC-1,669,3,3
AGGTCTGATTCTCA-1,982,6,6
AGGTGGGAAGAATG-1,749,0,0
AGGTGGGAAGTTCG-1,789,0,0
AGGTGTTGGTTACG-1,780,4,4
AGGTTCGAACCTCC-1,561,2,2
AGGTTCGAACGTAC-1,655,2,2
AGGTTCGAGGGTGA-1,432,5,5
AGTAAGGAGTTTGG-1,801,3,3
AGTAAGGATTCTTG-1,945,1,1
AGTAATACATCACG-1,770,3,3
AGTAATACCGAACT-1,503,4,4
AGTAATTGTCCCAC-1,766,3,3
AGTACGTGAGGGTG-1,776,0,0
AGTACGTGCTGCAA-1,970,1,1
AGTACGTGCTTGGA-1,989,1,1
AGTACTCTACGTGT-1,654,4,4
AGTACTCTCAACCA-1,762,3,3
AGTACTCTCGGTAT-1,882,3,3
AGTAGGCTTGCCTC-1,1236,6,6
AGTATAACTTGTCT-1,1499,6,6
AGTATCCTAGAACA-1,626,0,0
AGTCACGATGAGCT-1,1380,1,1
AGTCAGACGAATAG-1,1170,1,1
AGTCAGACGCTTAG-1,491,5,5
AGTCAGACTAGAGA-1,833,5,5
AGTCAGACTGCACA-1,924,0,0
AGTCCAGATATCTC-1,581,0,0
AGTCCAGATTTCAC-1,842,3,3
AGTCGAACCAACCA-1,596,5,5
AGTCGCCTCCGTAA-1,811,1,1
AGTCTACTAGGGTG-1,542,2,2
AGTCTACTTGCATG-1,1572,6,6
AGTCTTACACCACA-1,758,1,1
AGTCTTACTTCGCC-1,854,3,3
AGTCTTACTTCGGA-1,274,5,5
AGTGACTGCAACTG-1,1413,6,6
AGTGTTCTAACCTG-1,872,1,1
AGTGTTCTATAAGG-1,559,5,5
AGTGTTCTCACTTT-1,907,2,2
AGTTAAACCACTTT-1,951,1,1
AGTTATGAACAGTC-1,1175,2,2
AGTTATGACTGAGT-1,946,3,3
AGTTATGAGTTCAG-1,905,1,1
AGTTCTACCAGCTA-1,737,2,2
AGTTCTTGAAGCCT-1,604,5,5
AGTTGTCTACTACG-1,843,1,1
AGTTTAGATGGTCA-1,606,3,3
AGTTTCACGGTCTA-1,1079,3,3
AGTTTGCTACAGTC-1,668,0,0
AGTTTGCTACTGGT-1,785,3,3
AGTTTGCTCCAAGT-1,726,0,0
ATAAACACAGTGCT-1,978,4,4
ATAAACACCACCAA-1,941,0,0
ATAACAACATGCTG-1,994,2,2
ATAACAACGTCTAG-1,655,5,5
ATAACAACTTTGTC-1,1013,0,0
ATAACATGTACTCT-1,987,1,1
ATAACCCTGTTGGT-1,591,5,5
ATAACCCTTGGTAC-1,1041,1,1
ATAAGTACGAATGA-1,625,4,4
ATAAGTTGGTACGT-1,582,2,2
ATAAGTTGTCTAGG-1,814,1,1
ATAATCGAGCTGAT-1,570,4,4
ATAATCGATGGTTG-1,775,1,1
ATAATGACCTACTT-1,822,0,0
ATAATGACTCGTGA-1,715,2,2
ATACAATGTTAGGC-1,738,3,3
ATACCACTCGTACA-1,956,2,2
ATACCACTCTAAGC-1,1178,7,7
ATACCACTGCCAAT-1,743,5,5
ATACCGGAATGCTG-1,1861,7,7
ATACCGGACATTTC-1,841,2,2
ATACCGGACTTCGC-1,944,1,1
ATACCGGAGGTGTT-1,783,2,2
ATACCGGATCTCGC-1,643,3,3
ATACCTACGCATCA-1,924,0,0
ATACCTTGGGGCAA-1,936,1,1
ATACGGACAGACTC-1,431,2,2
ATACGGACCTACTT-1,490,2,2
ATACGGACGAGGTG-1,532,4,4
ATACGGACTATGCG-1,524,4,4
ATACGGACTCTGGA-1,620,2,2
ATACGTCTTAACGC-1,749,2,2
ATACTCTGCTTCGC-1,1334,6,6
ATACTCTGGTATGC-1,834,3,3
ATAGATACCATGGT-1,790,0,0
ATAGATACGACGAG-1,702,0,0
ATAGATTGGTGTAC-1,892,4,4
ATAGCCGAACGGAG-1,693,0,0
ATAGCGTGCAGATC-1,784,1,1
ATAGCGTGCCCTTG-1,944,2,2
ATAGCGTGGTATCG-1,471,2,2
ATAGCGTGTCTCTA-1,839,1,1
ATAGCTCTCTGATG-1,529,5,5
ATAGCTCTGAGGTG-1,729,0,0
ATAGGAGAAACAGA-1,1084,6,6
ATAGGCTGTCAGAC-1,802,0,0
ATAGTCCTAGTGTC-1,886,2,2
ATAGTCCTTGCATG-1,815,0,0
ATAGTCCTTGTCGA-1,856,0,0
ATAGTTGACAACTG-1,746,0,0
ATAGTTGACCCTCA-1,1318,6,6
ATAGTTGAGACGTT-1,545,0,0
ATAGTTGATAAGCC-1,696,0,0
ATATACGAAGCCAT-1,872,0,0
ATATACGAATTGGC-1,1154,1,1
ATATAGTGGAATGA-1,467,2,2
ATATGCCTAGATCC-1,725,2,2
ATATGCCTGGACAG-1,1027,1,1
ATATGCCTTCTCTA-1,479,5,5
ATATGCCTTGGTAC-1,728,0,0
ATCAAATGAGCCTA-1,926,2,2
ATCAAATGGGTAAA-1,1282,6,6
ATCAACCTAAACGA-1,907,1,1
ATCAACCTGAGGAC-1,833,0,0
ATCAACCTTCTCTA-1,1024,3,3
ATCAACCTTTGTCT-1,838,1,1
ATCACACTTTGTCT-1,900,0,0
ATCACGGATTGCTT-1,457,2,2
ATCACGGATTTCGT-1,737,4,4
ATCATCTGACACCA-1,367,5,5
ATCATGCTAGAGTA-1,459,5,5
ATCATGCTGAACCT-1,1030,4,4
ATCCAGGACGCTAA-1,1279,6,6
ATCCAGGATGGAAA-1,756,1,1
ATCCATACTCCTTA-1,662,2,2
ATCCATACTTCATC-1,1323,6,6
ATCCCGTGCAGTCA-1,1003,3,3
ATCCCGTGCATGCA-1,359,4,4
ATCCCGTGGCTGAT-1,770,4,4
ATCCGCACGCATCA-1,813,4,4
ATCCTAACGACGGA-1,634,4,4
ATCCTAACGCTACA-1,924,3,3
ATCGACGAAACTGC-1,1184,2,2
ATCGACGAATGACC-1,901,0,0
ATCGAGTGGACGTT-1,816,3,3
ATCGCAGAATCTCT-1,1421,6,6
ATCGCAGAGTGTCA-1,771,4,4
ATCGCCACTGAGGG-1,706,3,3
ATCGCCTGGGTCAT-1,953,1,1
ATCGCCTGTGGCAT-1,348,4,4
ATCGCGCTCAGAGG-1,716,2,2
ATCGCGCTGGGATG-1,870,1,1
ATCGCGCTTTTCGT-1,715,4,4
ATCGGAACCAGTCA-1,550,5,5
ATCGGTGAGTCAAC-1,689,0,0
ATCGGTGATTGCAG-1,947,1,1
ATCGTTTGCCTACC-1,1157,2,2
ATCGTTTGGGTACT-1,690,2,2
ATCGTTTGTGCCAA-1,383,2,2
ATCTACACCCGCTT-1,374,2,2
ATCTACACCGGGAA-1,882,1,1
ATCTCAACAGGAGC-1,697,4,4
ATCTCAACCTCGAA-1,246,5,5
ATCTCAACCTTGTT-1,833,2,2
ATCTGGGAAACCAC-1,1006,2,2
ATCTGGGAAGTGTC-1,1181,2,2
ATCTGGGATTCCGC-1,974,1,1
ATCTGTTGAACGGG-1,856,1,1
ATCTGTTGACCTCC-1,978,1,1
ATCTGTTGCCTTCG-1,1551,6,6
ATCTGTTGGTTGCA-1,965,1,1
ATCTTGACACCAAC-1,907,1,1
ATCTTGACCTCCCA-1,565,2,2
ATCTTTCTGCATCA-1,417,5,5
ATCTTTCTGTTTCT-1,907,3,3
ATCTTTCTTGTCCC-1,927,3,3
ATGAAACTCTGTGA-1,966,1,1
ATGAAACTGAGGCA-1,658,0,0
ATGAAGGAACAGCT-1,727,3,3
ATGAAGGACCTGTC-1,743,4,4
ATGAAGGACCTTAT-1,381,4,4
ATGAAGGACTAGTG-1,385,4,4
ATGAAGGACTTGCC-1,905,3,3
ATGACGTGACGACT-1,645,4,4
ATGACGTGATCGGT-1,1167,6,6
ATGAGAGAAAGTGA-1,936,1,1
ATGAGAGAACGCAT-1,724,0,0
ATGAGAGAAGTAGA-1,618,4,4
ATGAGCACACAGCT-1,1038,1,1
ATGAGCACATCTTC-1,853,0,0
ATGATAACTTCACT-1,808,3,3
ATGATATGAAACAG-1,1403,1,1
ATGATATGACTGGT-1,762,0,0
ATGATATGAGCACT-1,741,0,0
ATGATATGGTCATG-1,687,0,0
ATGATATGGTGCTA-1,932,3,3
ATGATATGTTGTCT-1,1096,2,2
ATGCACGAATGTCG-1,601,4,4
ATGCACGACTGTAG-1,652,5,5
ATGCACGAGAACCT-1,895,4,4
ATGCACGAGTTCGA-1,682,0,0
ATGCACGATTGGTG-1,1553,6,6
ATGCAGTGTTACCT-1,604,4,4
ATGCAGTGTTCTAC-1,823,1,1
ATGCCAGAACGACT-1,803,0,0
ATGCCAGACAGTCA-1,646,2,2
ATGCCGCTTGAACC-1,917,2,2
ATGCGATGCTATGG-1,942,2,2
ATGCGATGCTGAGT-1,850,0,0
ATGCGATGGTTACG-1,795,4,4
ATGCGCCTTCATTC-1,771,0,0
ATGCTTTGCGAATC-1,949,0,0
ATGCTTTGGGCGAA-1,516,5,5
ATGCTTTGTAGTCG-1,664,4,4
ATGGACACATCGGT-1,1001,1,1
ATGGACACGCATCA-1,637,5,5
ATGGGTACAACCTG-1,619,4,4
ATGGGTACATCGGT-1,907,3,3
ATGGGTACTATTCC-1,961,3,3
ATGGGTACTGGGAG-1,812,1,1
ATGTAAACACCTCC-1,793,0,0
ATGTAAACCCGCTT-1,1043,1,1
ATGTAAACGGGATG-1,1343,7,7
ATGTAAACTCTCCG-1,1326,1,1
ATGTAAACTTCACT-1,981,2,2
ATGTACCTCAGTCA-1,675,1,1
ATGTACCTTAGTCG-1,937,3,3
ATGTACCTTTATCC-1,631,2,2
ATGTACCTTTCACT-1,1026,3,3
ATGTCACTAATGCC-1,1135,2,2
ATGTCACTCTGCTC-1,499,5,5
ATGTCGGAGGTGAG-1,948,3,3
ATGTTCACAGTCTG-1,801,2,2
ATGTTCACCGTAGT-1,848,1,1
ATGTTGCTTTCAGG-1,741,3,3
ATTAACGATGAGAA-1,604,3,3
ATTAACGATGCAAC-1,864,3,3
ATTAAGACTGCAGT-1,1076,1,1
ATTACCTGCCTTAT-1,1106,2,2
ATTACCTGGAGGAC-1,1111,6,6
ATTACCTGGGCATT-1,456,5,5
ATTAGATGTTTCAC-1,624,0,0
ATTATGGAATCTCT-1,1008,0,0
ATTCAAGAACGGGA-1,908,0,0
ATTCAAGACCTTTA-1,815,3,3
ATTCAGCTCATTGG-1,346,5,5
ATTCCAACCATTGG-1,1062,2,2
ATTCCAACTTAGGC-1,803,3,3
ATTCGACTCACTAG-1,749,3,3
ATTCGACTGAATAG-1,779,2,2
ATTCGACTTTTGTC-1,1027,6,6
ATTCGGGAAAGGCG-1,1032,2,2
ATTCGGGATTAGGC-1,1040,1,1
ATTCTTCTGATACC-1,654,0,0
ATTGAATGGACGGA-1,631,5,5
ATTGATGAAGGTTC-1,755,0,0
ATTGATGACTGAGT-1,854,1,1
ATTGATGAGCGAAG-1,850,3,3
ATTGATGATCTATC-1,798,1,1
ATTGCACTGACGGA-1,864,0,0
ATTGCACTGAGAGC-1,1078,6,6
ATTGCACTGGAGCA-1,690,2,2
ATTGCACTTAGCCA-1,864,1,1
ATTGCACTTGCTTT-1,1523,6,6
ATTGCTTGTTACTC-1,838,4,4
ATTGGTCTGACTAC-1,966,4,4
ATTGGTCTTGTCTT-1,389,4,4
ATTGTAGATTCCCG-1,1654,7,7
ATTGTAGATTGCAG-1,808,1,1
ATTGTCTGCGTACA-1,885,0,0
ATTTAGGAACCATG-1,1665,6,6
ATTTAGGACAGAGG-1,920,3,3
ATTTCCGAGATGAA-1,855,0,0
ATTTCCGAGTGCTA-1,807,5,5
ATTTCGTGTATGGC-1,859,3,3
ATTTCTCTACTTTC-1,1276,6,6
ATTTCTCTAGCAAA-1,987,3,3
ATTTCTCTCACTTT-1,1079,6,6
ATTTCTCTTCCCAC-1,678,0,0
ATTTGCACAAGATG-1,626,2,2
CAAAGCACAGCTCA-1,831,1,1
CAAAGCACCGTAAC-1,829,4,4
CAAAGCACGGTAAA-1,1009,3,3
CAAAGCTGAAAGTG-1,547,3,3
CAAAGCTGTTGCTT-1,893,6,6
CAAATATGTGACAC-1,722,1,1
CAAATTGAGGGCAA-1,656,0,0
CAAATTGATGGAGG-1,415,2,2
CAACCAGAAAAGTG-1,773,0,0
CAACCAGAAGTGCT-1,1262,1,1
CAACCAGAGTTCAG-1,1218,2,2
CAACCAGATAGAAG-1,365,2,2
CAACCGCTGTTCAG-1,661,0,0
CAACCGCTTTGAGC-1,805,1,1
CAACGATGCGCAAT-1,1409,6,6
CAACGTGACTCCAC-1,1094,2,2
CAACGTGAGCCATA-1,779,3,3
CAACGTGATCAAGC-1,898,6,6
CAAGAAGACCACAA-1,830,3,3
CAAGAAGACGTCTC-1,1242,2,2
CAAGAAGATTCTAC-1,864,0,0
CAAGACTGACCTGA-1,576,4,4
CAAGACTGAGTAGA-1,901,4,4
CAAGCTGACCATAG-1,1274,6,6
CAAGCTGATCTATC-1,852,3,3
CAAGGACTGTTCAG-1,1006,0,0
CAAGGACTTCTTTG-1,719,3,3
CAAGGTTGCTCCAC-1,763,3,3
CAAGGTTGTCATTC-1,683,4,4
CAAGGTTGTCTGGA-1,957,3,3
CAAGTCGAAACAGA-1,831,4,4
CAAGTCGATAGCGT-1,724,2,2
CAATAAACGCCATA-1,354,2,2
CAATAATGAACTGC-1,763,2,2
CAATATGACATGGT-1,910,1,1
CAATATGACCTTCG-1,749,3,3
CAATATGACGTTAG-1,626,5,5
CAATATGAGGAGCA-1,870,1,1
CAATCGGAGAAACA-1,795,0,0
CAATCTACTGACTG-1,1078,3,3
CAATTCACCCAACA-1,736,3,3
CAATTCACGATAGA-1,835,1,1
CAATTCACTTGTGG-1,402,5,5
CAATTCTGCTTGTT-1,1203,6,6
CAATTCTGGCGTAT-1,699,2,2
CACAACGATACGAC-1,755,0,0
CACAATCTTGTTCT-1,697,5,5
CACAATCTTTCCAT-1,1229,1,1
CACACCTGCTTGAG-1,637,5,5
CACACCTGTATGGC-1,666,0,0
CACAGAACCCTTGC-1,846,5,5
CACAGAACCTGATG-1,1036,1,1
CACAGATGGGATTC-1,1027,1,1
CACAGATGGTTTCT-1,831,2,2
CACAGCCTGATACC-1,999,1,1
CACAGCCTTGCCAA-1,942,6,6
CACAGCCTTGTAGC-1,891,0,0
CACAGTGATGAAGA-1,1007,2,2
CACATACTACAGCT-1,712,3,3
CACATGGAACACGT-1,990,1,1
CACATGGAAGTCGT-1,725,0,0
CACCACTGCCAACA-1,745,0,0
CACCACTGGCGAAG-1,921,3,3
CACCCATGTTCTGT-1,333,5,5
CACCGGGAATCGAC-1,1042,1,1
CACCGGGACGAGAG-1,895,0,0
CACCGGGACGTGTA-1,873,1,1
CACCGGGACTTCTA-1,1612,3,3
CACCGGGACTTGCC-1,724,5,5
CACCGGGATTCGGA-1,929,3,3
CACCGTACTAAGGA-1,601,4,4
CACCGTACTAGCGT-1,862,0,0
CACCTGACACCCAA-1,908,3,3
CACCTGACCAGAAA-1,658,5,5
CACCTGACCTCAAG-1,775,3,3
CACCTGACGAAAGT-1,724,4,4
CACCTGACTCGTAG-1,753,0,0
CACGAAACTTCCGC-1,741,4,4
CACGACCTCGATAC-1,690,4,4
CACGCTACAGAAGT-1,379,5,5
CACGCTACTGTTCT-1,608,4,4
CACGCTACTTGACG-1,476,2,2
CACGGGACAGAGTA-1,927,0,0
CACGGGACATAAGG-1,777,1,1
CACGGGACGTAGGG-1,969,0,0
CACGGGTGCTTCGC-1,827,3,3
CACGGGTGGAGGAC-1,709,3,3
CACGGGTGTGTTTC-1,385,5,5
CACTAACTCCTAAG-1,690,4,4
CACTAACTGAAAGT-1,769,1,1
CACTAGGATGATGC-1,554,4,4
CACTATACCCCGTT-1,892,4,4
CACTATACGTTTGG-1,761,3,3
CACTGAGACAGTCA-1,367,2,2
CACTGCACTTCATC-1,731,5,5
CACTGCTGAGACTC-1,1103,6,6
CACTGCTGGAAAGT-1,944,1,1
CACTTAACCGAATC-1,832,0,0
CACTTAACCGTACA-1,675,4,4
CACTTTGACTCTAT-1,652,3,3
CACTTTGAGCTGTA-1,418,5,5
CAGAAGCTCTCAAG-1,727,1,1
CAGACATGAACGGG-1,745,1,1
CAGACATGTCGACA-1,872,0,0
CAGACCCTAAGGTA-1,1336,6,6
CAGACCCTAATGCC-1,863,1,1
CAGACCCTAGGAGC-1,934,1,1
CAGACTGAGTATGC-1,844,0,0
CAGATCGAATGTCG-1,721,4,4
CAGATCGACCTGAA-1,432,5,5
CAGATCGATATGGC-1,782,1,1
CAGATGACATTCTC-1,1006,3,3
CAGCAATGCCTTCG-1,834,1,1
CAGCAATGGAGGGT-1,840,3,3
CAGCAATGGTGCTA-1,840,0,0
CAGCAATGTCTACT-1,819,2,2
CAGCAATGTGACCA-1,699,5,5
CAGCAATGTGAGGG-1,489,2,2
CAGCACCTAAGCCT-1,665,0,0
CAGCACCTAGGCGA-1,576,5,5
CAGCACCTGTAGGG-1,1291,2,2
CAGCATGACAACCA-1,1102,2,2
CAGCATGAGACGTT-1,826,3,3
CAGCCTACCCAACA-1,880,1,1
CAGCCTTGCTACCC-1,738,2,2
CAGCCTTGGGGACA-1,904,1,1
CAGCGGACACCCTC-1,686,0,0
CAGCGGACCTTTAC-1,874,3,3
CAGCGTCTAAAGCA-1,887,1,1
CAGCGTCTTATCGG-1,873,0,0
CAGCTAGATGTGAC-1,560,2,2
CAGCTCTGAGGCGA-1,766,3,3
CAGCTCTGCAAGCT-1,710,3,3
CAGCTCTGTCGTAG-1,1135,2,2
CAGCTCTGTGTGGT-1,1054,3,3
CAGGAACTAACTGC-1,805,3,3
CAGGAACTCTCAGA-1,724,2,2
CAGGCCGAACACCA-1,973,0,0
CAGGCCGAACACGT-1,1201,1,1
CAGGCCGAACGACT-1,575,5,5
CAGGCCGAATCTCT-1,838,6,6
CAGGCCGACTAGCA-1,865,4,4
CAGGGCACCATACG-1,546,4,4
CAGGGCACCCAACA-1,811,0,0
CAGGGCACTCCCGT-1,884,3,3
CAGGTAACAGACTC-1,886,6,6
CAGGTATGAGTCGT-1,791,3,3
CAGGTATGTGCTTT-1,1026,3,3
CAGGTTGAGGATCT-1,2000,1,1
CAGTGATGGACGGA-1,644,4,4
CAGTGATGGCTAAC-1,763,3,3
CAGTGATGGGACAG-1,969,1,1
CAGTGATGTAAGGA-1,800,4,4
CAGTGATGTACGCA-1,359,5,5
CAGTGTGAACACGT-1,307,5,5
CAGTGTGATGTCAG-1,624,0,0
CAGTTACTAAGGTA-1,993,4,4
CAGTTACTGATAGA-1,800,1,1
CAGTTGGAAAGAGT-1,1167,6,6
CAGTTGGACATACG-1,833,0,0
CAGTTTACACACGT-1,1871,1,1
CAGTTTACCCCAAA-1,616,0,0
CATAAAACGGAGCA-1,822,2,2
CATAAATGAACTGC-1,647,0,0
CATAACCTTCTCCG-1,1000,1,1
CATACTACCTCGAA-1,618,0,0
CATACTACCTGAAC-1,734,0,0
CATACTACGTACCA-1,618,2,2
CATACTTGGGTTAC-1,1938,1,1
CATAGTCTAATCGC-1,861,1,1
CATAGTCTCACTTT-1,945,0,0
CATATAGACTAAGC-1,1032,7,7
CATATAGATCAGGT-1,723,4,4
CATCAACTAGAAGT-1,984,1,1
CATCAACTCCCTCA-1,994,1,1
CATCAGGACTTCCG-1,771,3,3
CATCAGGATAGCCA-1,738,3,3
CATCAGGATCCTAT-1,1583,6,6
CATCAGGATGCACA-1,1113,6,6
CATCAGGATTTCGT-1,614,2,2
CATCATACCGCATA-1,1146,2,2
CATCATACGGAGCA-1,615,4,4
CATCATACTCAAGC-1,848,0,0
CATCGCTGGGATCT-1,983,1,1
CATCGCTGTGGCAT-1,677,4,4
CATCGGCTATGCTG-1,972,0,0
CATCGGCTTTGGCA-1,791,1,1
CATCTCCTATGTGC-1,827,4,4
CATCTCCTCGAACT-1,804,2,2
CATGAGACACGGGA-1,395,4,4
CATGAGACGTTGAC-1,843,3,3
CATGAGACTCGCCT-1,493,5,5
CATGCCACGGGTGA-1,741,0,0
CATGCCACTGCCAA-1,941,1,1
CATGCGCTAGTCAC-1,1659,6,6
CATGCGCTCAGATC-1,742,2,2
CATGCGCTTTGCAG-1,1517,6,6
CATGGCCTAGGGTG-1,559,2,2
CATGGCCTGTGCAT-1,937,0,0
CATGTACTATCGTG-1,740,3,3
CATGTTACAGTCGT-1,781,3,3
CATGTTACCTGAGT-1,819,0,0
CATGTTTGGGGATG-1,813,2,2
CATTACACACGGAG-1,578,4,4
CATTACACCAACTG-1,1022,3,3
CATTACACGGAGTG-1,1191,0,0
CATTACACTACTCT-1,824,0,0
CATTAGCTCCACAA-1,1146,2,2
CATTGACTAGCGGA-1,757,2,2
CATTGGGACTCGAA-1,638,5,5
CATTGTACAGCGTT-1,830,0,0
CATTGTACTCGATG-1,713,4,4
CATTGTACTTATCC-1,609,5,5
CATTGTACTTTGCT-1,1271,6,6
CATTGTTGCTAGTG-1,680,0,0
CATTTCGACTCTAT-1,769,3,3
CATTTCGAGATACC-1,1119,3,3
CATTTGACCACACA-1,731,5,5
CATTTGACCCTGAA-1,804,5,5
CATTTGTGACGACT-1,781,4,4
CATTTGTGCATTGG-1,916,0,0
CATTTGTGCGGAGA-1,735,0,0
CATTTGTGGGATCT-1,835,4,4
CCAAAGTGCTACGA-1,1257,2,2
CCAAAGTGTGAGAA-1,472,2,2
CCAACCTGAAGTAG-1,879,3,3
CCAACCTGACGTAC-1,851,2,2
CCAACCTGTTCGCC-1,1023,2,2
CCAAGAACCCAATG-1,661,5,5
CCAAGAACGTAGCT-1,1008,1,1
CCAAGAACGTGTCA-1,748,1,1
CCAAGAACTACTGG-1,845,3,3
CCAAGAACTCCTAT-1,393,5,5
CCAAGATGTCATTC-1,675,0,0
CCAAGATGTTTCAC-1,843,3,3
CCAAGTGAGGAACG-1,876,1,1
CCAAGTGATCAAGC-1,939,0,0
CCAATGGAACAGCT-1,653,2,2
CCAATTTGAACGTC-1,932,2,2
CCACCATGAACGTC-1,760,0,0
CCACCATGATCGGT-1,735,0,0
CCACCATGGACGAG-1,1561,6,6
CCACCATGGGGAGT-1,752,0,0
CCACCATGTCCTGC-1,940,3,3
CCACTGACCCGCTT-1,705,2,2
CCACTGTGGGAAGC-1,405,2,2
CCACTGTGTGTAGC-1,690,0,0
CCACTTCTCGGGAA-1,1071,6,6
CCAGAAACCCTGTC-1,544,4,4
CCAGAAACGAACTC-1,927,0,0
CCAGAAACGGTCTA-1,817,0,0
CCAGACCTCTGAGT-1,388,2,2
CCAGACCTTGTGGT-1,560,5,5
CCAGCACTGCGATT-1,1322,6,6
CCAGCGGAAAGGCG-1,640,2,2
CCAGCGGACGACTA-1,886,2,2
CCAGCGGATGGGAG-1,1075,1,1
CCAGCTACACAGTC-1,689,5,5
CCAGCTACCAGCTA-1,524,4,4
CCAGGTCTACACCA-1,606,4,4
CCAGGTCTAGCATC-1,802,2,2
CCAGGTCTATGGTC-1,868,1,1
CCAGTCACACTGGT-1,939,2,2
CCAGTCACACTGTG-1,753,4,4
CCAGTCACGTTGTG-1,770,1,1
CCAGTCTGCGGAGA-1,3422,1,1
CCAGTGCTAACCAC-1,1105,1,1
CCAGTGCTCGTAGT-1,841,1,1
CCATCCGAAAGCAA-1,786,1,1
CCATCCGAACGACT-1,445,5,5
CCATCCGAAGGTTC-1,703,4,4
CCATCCGATTCGCC-1,593,2,2
CCATCGTGAACGGG-1,875,3,3
CCATCGTGCTAGAC-1,901,6,6
CCCAACACCTCGCT-1,927,4,4
CCCAACACGCATCA-1,798,1,1
CCCAACACTTTGTC-1,1221,2,2
CCCAACTGCAATCG-1,415,2,2
CCCAGACTGCCTTC-1,1381,2,2
CCCAGACTGGTTTG-1,949,4,4
CCCAGACTTTCGCC-1,1322,6,6
CCCAGTTGCAGTTG-1,1169,6,6
CCCAGTTGGGTACT-1,745,3,3
CCCAGTTGTCTATC-1,727,4,4
CCCGATTGTGTTTC-1,799,0,0
CCCGGAGAAGGGTG-1,490,2,2
CCCTACGAATTGGC-1,767,2,2
CCCTAGTGCAAAGA-1,943,1,1
CCCTCAGACACTTT-1,808,4,4
CCCTCAGACGAGAG-1,926,0,0
CCCTCAGAGGTCAT-1,664,0,0
CCCTGAACTAAAGG-1,569,4,4
CCCTGATGCAACCA-1,843,1,1
CCCTGATGCAAGCT-1,727,4,4
CCCTTACTAACCAC-1,1222,2,2
CCCTTACTGCAGTT-1,457,5,5
CCGAAAACCTTGTT-1,1515,6,6
CCGACACTGGTTTG-1,1138,1,1
CCGACTACCCAGTA-1,1174,2,2
CCGACTACCGTGTA-1,525,5,5
CCGACTACTGAGGG-1,878,0,0
CCGATAGACCTAAG-1,525,0,0
CCGATAGAGTTGGT-1,999,6,6
CCGCGAGACACACA-1,778,2,2
CCGCGAGAGGTTCA-1,772,5,5
CCGCTATGGGACGA-1,819,4,4
CCGCTATGTGCAAC-1,1015,2,2
CCGCTATGTGCACA-1,939,2,2
CCGGTACTGTCCTC-1,856,0,0
CCGTACACAAGCAA-1,715,5,5
CCGTACACAGCGTT-1,793,4,4
CCGTACACGTCATG-1,837,3,3
CCGTACACGTTGGT-1,1193,2,2
CCGTACACTAACGC-1,764,3,3
CCTAAACTTTCGTT-1,834,0,0
CCTAAGGACCCAAA-1,677,0,0
CCTAAGGACTAGCA-1,625,2,2
CCTAAGGAGGGCAA-1,420,5,5
CCTAAGGATGATGC-1,837,0,0
CCTAAGGATGTCAG-1,874,1,1
CCTACCGACTCTTA-1,679,0,0
CCTACCGAGGGATG-1,811,4,4
CCTAGAGAGGTGAG-1,546,4,4
CCTATAACCAAAGA-1,787,0,0
CCTATAACGAGACG-1,587,2,2
CCTATAACTCAGAC-1,821,1,1
CCTATAACTGCATG-1,669,6,6
CCTCGAACACTTTC-1,813,3,3
CCTCGAACCCGTAA-1,780,6,6
CCTCGAACGTATCG-1,649,5,5
CCTCGAACTTACTC-1,924,1,1
CCTCTACTCTTCGC-1,1322,2,2
CCTCTACTGGCATT-1,701,0,0
CCTGACTGAAGTAG-1,792,0,0
CCTGACTGGGGAGT-1,817,0,0
CCTGACTGTGTCTT-1,667,4,4
CCTGCAACACGTTG-1,804,2,2
CCTGGACTCGTGAT-1,593,5,5
CCTTAATGCCCAAA-1,740,4,4
CCTTAATGTTCTAC-1,1243,6,6
CCTTCACTACGACT-1,859,0,0
CCTTCACTCAGTCA-1,685,4,4
CCTTCACTGGAGTG-1,596,2,2
CCTTTAGATTCATC-1,1193,2,2
CGAACATGCCCTAC-1,859,2,2
CGAACATGTCAGAC-1,775,3,3
CGAAGACTGGAACG-1,947,0,0
CGAAGACTGTTACG-1,689,3,3
CGAAGGGAAACCTG-1,907,3,3
CGAAGGGATCCGAA-1,734,4,4
CGAAGTACCAACTG-1,621,4,4
CGAATCGAGGAGCA-1,336,2,2
CGAATCGAGGAGGT-1,922,0,0
CGACAAACCCATAG-1,802,1,1
CGACAAACCGACAT-1,812,4,4
CGACCACTAAAGTG-1,941,3,3
CGACCACTGCCAAT-1,943,3,3
CGACCGGAAGGTCT-1,868,1,1
CGACCGGATGGAAA-1,947,1,1
CGACCTTGCTAGTG-1,767,3,3
CGACCTTGGCAAGG-1,341,5,5
CGACGTCTATCGTG-1,701,0,0
CGACGTCTCGTGTA-1,692,1,1
CGACGTCTGAGGCA-1,423,5,5
CGACTCACGTCGTA-1,775,0,0
CGACTCACGTTGCA-1,500,5,5
CGACTCTGTGTGAC-1,1100,1,1
CGACTGCTTCCTCG-1,812,2,2
CGAGAACTAAGGCG-1,728,3,3
CGAGAACTACGTTG-1,616,0,0
CGAGAACTTGTTCT-1,928,2,2
CGAGATTGGACACT-1,835,3,3
CGAGATTGGCCATA-1,454,3,3
CGAGCCGAACACCA-1,812,1,1
CGAGCCGACGACAT-1,566,5,5
CGAGCCGAGGCGAA-1,769,1,1
CGAGCGTGCTCCAC-1,1058,1,1
CGAGCGTGGATACC-1,914,1,1
CGAGCGTGTATGCG-1,628,2,2
CGAGGAGACCTCCA-1,649,4,4
CGAGGAGATGTCGA-1,452,5,5
CGAGGCACCTATGG-1,754,3,3
CGAGGCACTATGCG-1,1327,2,2
CGAGGCACTCTTCA-1,776,3,3
CGAGGCTGACGCTA-1,670,3,3
CGAGGCTGGCAGTT-1,1017,6,6
CGAGGGCTACGACT-1,599,4,4
CGAGGGCTCGAATC-1,431,5,5
CGAGTATGTCACCC-1,967,6,6
CGATACGAACAGTC-1,1077,6,6
CGATACGACAGGAG-1,2033,1,1
CGATACGATTCACT-1,731,4,4
CGATAGACCCGTAA-1,533,2,2
CGATAGACCGTACA-1,926,3,3
CGATAGACGTAGGG-1,725,2,2
CGATAGACTGTTCT-1,559,5,5
CGATCAGAAGAACA-1,870,3,3
CGATCAGAGAGGGT-1,964,0,0
CGATCAGAGGTACT-1,1341,1,1
CGATCAGATGTGAC-1,1981,7,7
CGATCCACCGGGAA-1,1103,1,1
CGATCCACTTCCAT-1,326,5,5
CGCAAATGCTCGAA-1,428,5,5
CGCAACCTCCTTGC-1,808,0,0
CGCAACCTGGACGA-1,821,1,1
CGCACGGAGGACGA-1,554,4,4
CGCACGGATCTTTG-1,596,0,0
CGCACTACAGAATG-1,680,0,0
CGCACTACAGCCAT-1,1034,1,1
CGCACTACATTGGC-1,849,0,0
CGCACTACTCGCCT-1,566,4,4
CGCACTACTCGTGA-1,879,3,3
CGCACTTGTCACGA-1,1091,2,2
CGCAGGACAGATCC-1,823,3,3
CGCAGGACCTACTT-1,447,5,5
CGCAGGACTTGTCT-1,1688,6,6
CGCAGGTGCACTGA-1,868,0,0
CGCAGGTGCCATAG-1,1254,6,6
CGCAGGTGGGAACG-1,942,3,3
CGCATAGATCACGA-1,462,2,2
CGCCATACTGCAAC-1,1055,1,1
CGCCATTGAGAGGC-1,852,0,0
CGCCATTGCTATGG-1,738,5,5
CGCCATTGGAGACG-1,804,1,1
CGCCATTGGAGCAG-1,775,0,0
CGCCATTGTACTGG-1,726,4,4
CGCCGAGAGCTTAG-1,993,3,3
CGCCTAACGAATGA-1,1462,2,2
CGCCTAACTGCTCC-1,1007,1,1
CGCGAGACACAGCT-1,798,0,0
CGCGAGACAGGTCT-1,1036,4,4
CGCGAGACGCTACA-1,786,0,0
CGCGATCTCAGTCA-1,948,2,2
CGCGATCTGTTGAC-1,743,2,2
CGCGATCTTTCTTG-1,761,4,4
CGCGGATGGCCAAT-1,838,1,1
CGCTAAGAATGTCG-1,1040,1,1
CGCTAAGACAACTG-1,859,1,1
CGCTAAGACCCTTG-1,867,1,1
CGCTACTGAACAGA-1,1188,2,2
CGCTACTGAGAACA-1,846,0,0
CGCTACTGTGAGCT-1,687,3,3
CGCTACTGTTCCCG-1,672,5,5
CGCTCATGCATTTC-1,629,2,2
CGGAATTGCACTAG-1,426,5,5
CGGAATTGGTTTGG-1,725,3,3
CGGAATTGTGGAGG-1,660,5,5
CGGACCGATGCGTA-1,809,3,3
CGGACCGATGGGAG-1,469,5,5
CGGACTCTAAACAG-1,600,4,4
CGGACTCTCCAATG-1,812,5,5
CGGACTCTCCTCGT-1,856,3,3
CGGAGGCTATTCCT-1,397,5,5
CGGAGGCTTGGATC-1,786,0,0
CGGATAACAACGAA-1,895,2,2
CGGATAACAGCTCA-1,882,1,1
CGGATAACTCAGTG-1,449,2,2
CGGCACGAACTCAG-1,890,0,0
CGGCACGAAGGGTG-1,823,0,0
CGGCACGACTACGA-1,1051,6,6
CGGCATCTTAGAAG-1,823,0,0
CGGCATCTTCGTAG-1,1055,2,2
CGGCCAGAAAGGTA-1,741,0,0
CGGCCAGAGAGGCA-1,999,3,3
CGGCGAACCAGTCA-1,1241,6,6
CGGCGAACGACAAA-1,790,3,3
CGGCGAACGGTCTA-1,878,1,1
CGGCGAACTACTTC-1,778,3,3
CGGGACTGCGTGTA-1,1066,1,1
CGGGACTGGAATAG-1,815,3,3
CGGGCATGACCCAA-1,465,5,5
CGGGCATGTCTCTA-1,1079,3,3
CGGGCATGTTGTGG-1,743,0,0
CGGTAAACTCGCAA-1,1098,1,1
CGGTCACTGTTTGG-1,807,0,0
CGGTCACTTACTTC-1,1120,1,1
CGTAACGAATCAGC-1,462,5,5
CGTAACGATCGCCT-1,1025,1,1
CGTACCACACACAC-1,805,0,0
CGTACCACACGTTG-1,676,1,1
CGTACCACCTCATT-1,828,0,0
CGTACCACGCTACA-1,418,5,5
CGTACCACGGAGCA-1,763,0,0
CGTACCTGGACGAG-1,407,5,5
CGTACCTGGCATCA-1,997,3,3
CGTAGCCTCTCTCG-1,852,2,2
CGTAGCCTGCGAAG-1,866,0,0
CGTAGCCTGTATGC-1,1118,6,6
CGTCAAGAAAGGTA-1,508,2,2
CGTCAAGAACGTGT-1,928,1,1
CGTCAAGACAGAGG-1,958,1,1
CGTCAAGACAGGAG-1,932,3,3
CGTCCATGCTCTTA-1,892,1,1
CGTCGACTTTCCGC-1,905,3,3
CGTGATGACGCTAA-1,494,5,5
CGTGATGAGGTTCA-1,710,5,5
CGTGCACTTATGGC-1,1068,2,2
CGTGTAGAAAAACG-1,795,3,3
CGTGTAGACGATAC-1,787,5,5
CGTGTAGAGTTACG-1,951,3,3
CGTGTAGAGTTCAG-1,720,2,2
CGTGTAGATTCGGA-1,842,3,3
CGTTAGGAAACCAC-1,890,0,0
CGTTAGGATCATTC-1,1355,6,6
CGTTATACCCTGAA-1,1005,3,3
CGTTTAACTGGTCA-1,872,1,1
CTAAACCTCTGACA-1,1185,3,3
CTAAACCTGTGCAT-1,912,4,4
CTAACACTAACGTC-1,869,1,1
CTAACACTAGTGCT-1,894,2,2
CTAACGGAACCGAT-1,997,3,3
CTAACGGATTTCTG-1,770,0,0
CTAACTACGGCAAG-1,554,5,5
CTAAGGACACCATG-1,806,0,0
CTAAGGACCGTTAG-1,1426,1,1
CTAAGGACGCCATA-1,1012,2,2
CTAAGGTGCCTAAG-1,452,4,4
CTAAGGTGTTGCAG-1,896,0,0
CTAAGGTGTTTCTG-1,426,5,5
CTAATAGAGCTATG-1,239,5,5
CTAATGCTTGTGGT-1,829,2,2
CTACAACTCCCGTT-1,895,3,3
CTACCTCTCAACCA-1,787,1,1
CTACGCACACCTAG-1,1139,6,6
CTACGCACTCTCCG-1,925,0,0
CTACGCACTGGTCA-1,1015,3,3
CTACGGCTTTCTTG-1,1360,2,2
CTACTATGAACCAC-1,1097,2,2
CTACTATGATGTGC-1,650,2,2
CTACTATGCTAAGC-1,853,1,1
CTACTATGTAAAGG-1,549,4,4
CTACTCCTATGTCG-1,1052,3,3
CTACTCCTGCCATA-1,307,2,2
CTAGAGACACTTTC-1,1152,0,0
CTAGAGACAGCATC-1,907,3,3
CTAGAGACTTTGGG-1,1628,6,6
CTAGATCTCTCTAT-1,731,5,5
CTAGATCTTCGACA-1,897,1,1
CTAGGATGAGCCTA-1,1749,1,1
CTAGGATGATCGTG-1,762,3,3
CTAGGCCTCTCAGA-1,712,5,5
CTAGGTGATGGTTG-1,1195,6,6
CTAGTTACCAGAGG-1,851,1,1
CTAGTTACCGCATA-1,864,1,1
CTAGTTACGAAACA-1,968,3,3
CTAGTTTGAGTACC-1,742,3,3
CTATAAGATCGTTT-1,845,4,4
CTATACTGAGGTTC-1,331,2,2
CTATACTGCCAGTA-1,840,0,0
CTATACTGCGCTAA-1,734,2,2
CTATACTGCTACGA-1,948,3,3
CTATACTGTCTCAT-1,842,3,3
CTATACTGTTCGTT-1,1543,1,1
CTATAGCTGTCACA-1,661,0,0
CTATAGCTTCGCTC-1,981,2,2
CTATAGCTTGCCTC-1,912,2,2
CTATCAACGAACTC-1,912,0,0
CTATCAACGCAGAG-1,1063,1,1
CTATCAACTTTGGG-1,683,0,0
CTATCCCTCCACCT-1,823,2,2
CTATGTACGAGAGC-1,996,1,1
CTATGTACGCTTAG-1,695,0,0
CTATGTACTGTTTC-1,1483,1,1
CTATGTTGAAAGCA-1,927,1,1
CTATGTTGTCCTCG-1,574,0,0
CTATGTTGTCTCGC-1,1052,1,1
CTATTGACAAACGA-1,571,2,2
CTATTGACACTGGT-1,1028,6,6
CTATTGACGGTGAG-1,1263,6,6
CTATTGTGGCAAGG-1,671,0,0
CTCAATTGGTTCAG-1,958,1,1
CTCAATTGGTTGCA-1,747,2,2
CTCAGAGATAGAAG-1,866,0,0
CTCAGCACTCTAGG-1,896,0,0
CTCAGCACTGAACC-1,489,2,2
CTCAGCACTTGCAG-1,643,0,0
CTCAGCTGAACCTG-1,923,6,6
CTCAGCTGCAGTTG-1,820,1,1
CTCAGCTGTTTCTG-1,646,0,0
CTCAGGCTCGTTGA-1,1466,6,6
CTCAGGCTGCTAAC-1,550,5,5
CTCATTGACCTTAT-1,1112,1,1
CTCATTGATGCTTT-1,1006,6,6
CTCATTGATTGCTT-1,303,5,5
CTCCACGAGAGATA-1,1448,7,7
CTCCATCTCTTAGG-1,727,1,1
CTCCATCTGACGAG-1,899,1,1
CTCCGAACAAGTGA-1,998,6,6
CTCCTACTGCCTTC-1,563,2,2
CTCGAAGATGTGGT-1,870,1,1
CTCGAAGATTAGGC-1,903,2,2
CTCGACTGCTCTAT-1,516,5,5
CTCGACTGGGTGAG-1,754,0,0
CTCGACTGGTTGAC-1,879,3,3
CTCGAGCTCTGGAT-1,588,5,5
CTCGCATGACTTTC-1,740,3,3
CTCGCATGCTTAGG-1,798,1,1
CTCTAAACCTCGAA-1,798,0,0
CTCTAAACGGCGAA-1,653,0,0
CTCTAATGTCCAAG-1,902,2,2
CTGAACGACAGTCA-1,990,1,1
CTGAACGATGAGGG-1,724,3,3
CTGAAGACCCAACA-1,953,1,1
CTGAAGACGTGCAT-1,891,4,4
CTGAAGTGAAGCCT-1,1437,6,6
CTGAAGTGCAGCTA-1,653,4,4
CTGAAGTGGCTATG-1,714,0,0
CTGAAGTGTCCAGA-1,956,1,1
CTGAATCTGAATAG-1,877,3,3
CTGACAGAATCGTG-1,1012,3,3
CTGACCACAGCAAA-1,824,0,0
CTGAGAACCGGGAA-1,1077,1,1
CTGAGAACGTAAAG-1,740,3,3
CTGATACTAGTAGA-1,692,0,0
CTGATTTGGTGTTG-1,1063,2,2
CTGCAGCTAACCGT-1,771,1,1
CTGCAGCTGACACT-1,808,1,1
CTGCAGCTGGATTC-1,1389,6,6
CTGCAGCTTGGCAT-1,1264,1,1
CTGCCAACAGGAGC-1,952,0,0
CTGCCAACCAGCTA-1,816,0,0
CTGCCAACTAACCG-1,795,6,6
CTGCCAACTGCTCC-1,795,3,3
CTGCCAACTTGCAG-1,760,0,0
CTGCCAACTTGCTT-1,886,0,0
CTGCGACTCCACCT-1,349,5,5
CTGGAAACAAACGA-1,868,3,3
CTGGAAACATCGAC-1,842,0,0
CTGGATGACTGGAT-1,819,3,3
CTGGATGACTTGTT-1,626,3,3
CTGGATGATGTGAC-1,418,4,4
CTGGCACTCAAGCT-1,903,2,2
CTGGCACTGGACAG-1,626,5,5
CTGTAACTAACCAC-1,838,3,3
CTGTAACTAGCGTT-1,723,2,2
CTGTATACGTAAAG-1,436,5,5
CTGTATACGTACGT-1,1112,6,6
CTGTATACGTTGGT-1,724,0,0
CTGTGAGACAACCA-1,1299,6,6
CTGTGAGACCTTGC-1,719,3,3
CTGTGAGACGAACT-1,843,2,2
CTGTGAGACTGTAG-1,1090,2,2
CTTAAAGAACCTGA-1,696,0,0
CTTAACACCTGTAG-1,885,5,5
CTTAACACGAGCTT-1,1144,1,1
CTTAACACTATCGG-1,627,4,4
CTTAAGCTACCTAG-1,809,0,0
CTTAAGCTAGTACC-1,423,5,5
CTTAAGCTCATCAG-1,729,0,0
CTTAAGCTCCGCTT-1,853,4,4
CTTAAGCTTCCTCG-1,713,3,3
CTTACAACTAACGC-1,855,0,0
CTTACAACTCCCGT-1,608,2,2
CTTACTGACGTACA-1,627,0,0
CTTAGACTAAACGA-1,823,3,3
CTTAGGGACTTGCC-1,1063,1,1
CTTAGGGAGAATCC-1,575,0,0
CTTATCGACTCATT-1,743,5,5
CTTCACCTACCTGA-1,1528,6,6
CTTCATGAAGCATC-1,681,4,4
CTTCATGAAGTACC-1,544,5,5
CTTCATGACCGAAT-1,422,5,5
CTTGAACTACGCAT-1,731,0,0
CTTGATTGAGGTTC-1,920,3,3
CTTGATTGATCTTC-1,761,2,2
CTTGATTGCATTCT-1,884,3,3
CTTGATTGTTTCGT-1,982,1,1
CTTGTATGACACCA-1,784,4,4
CTTGTATGCGCAAT-1,496,4,4
CTTTACGAGCGAAG-1,573,5,5
CTTTAGACCGTGAT-1,521,5,5
CTTTAGACGAGACG-1,663,1,1
CTTTAGACGATACC-1,794,0,0
CTTTAGACGTTGGT-1,975,1,1
CTTTAGACTCATTC-1,856,1,1
CTTTAGTGACGGGA-1,978,3,3
CTTTAGTGGGTGGA-1,590,0,0
CTTTCAGAGAAACA-1,905,1,1
CTTTGATGAGCACT-1,695,0,0
CTTTGATGTCTAGG-1,816,3,3
CTTTGATGTGTCCC-1,976,1,1
CTTTGATGTGTGGT-1,816,0,0
GAAACAGAACTACG-1,753,5,5
GAAACAGAATCACG-1,791,0,0
GAAACAGACATTCT-1,858,0,0
GAAACCTGATCGTG-1,813,0,0
GAAACCTGATGCCA-1,841,1,1
GAAACCTGCTTATC-1,1085,1,1
GAAACCTGGACTAC-1,1692,6,6
GAAACCTGTGCTAG-1,716,5,5
GAAAGATGATTTCC-1,955,0,0
GAAAGATGCTGATG-1,1467,6,6
GAAAGATGCTTCGC-1,741,2,2
GAAAGATGTAAGGA-1,296,5,5
GAAAGATGTTTGCT-1,540,5,5
GAAAGCCTACGTTG-1,738,0,0
GAAAGTGAAAGTGA-1,1573,7,7
GAAAGTGACCACAA-1,1119,6,6
GAAAGTGACTCAAG-1,918,1,1
GAAATACTACCAAC-1,283,2,2
GAAATACTCTTAGG-1,703,4,4
GAAATACTTCCTCG-1,842,3,3
GAACACACGTGCAT-1,1253,2,2
GAACACACTGCCTC-1,676,1,1
GAACAGCTAACTGC-1,1636,6,6
GAACAGCTCTCAGA-1,1273,6,6
GAACCAACCACAAC-1,380,5,5
GAACCAACTTCCGC-1,799,3,3
GAACCTGAACGTGT-1,1491,1,1
GAACCTGAGAGACG-1,878,0,0
GAACCTGATGAACC-1,939,1,1
GAACGGGATACTTC-1,725,0,0
GAACGTTGACGGAG-1,563,5,5
GAACTGTGACCTGA-1,1365,6,6
GAACTGTGCCAGTA-1,818,2,2
GAAGAATGCAATCG-1,719,0,0
GAAGCGGACCTATT-1,1343,6,6
GAAGCTACGAATGA-1,905,2,2
GAAGCTACGGTTTG-1,837,3,3
GAAGGGTGAAAGTG-1,803,1,1
GAAGGGTGCTTAGG-1,990,2,2
GAAGGTCTGAAAGT-1,1084,3,3
GAAGGTCTGTTGCA-1,976,1,1
GAAGGTCTTAAAGG-1,1630,7,7
GAAGTAGACTCCCA-1,795,3,3
GAAGTAGATCCAAG-1,1408,6,6
GAAGTCACCCTCGT-1,771,2,2
GAAGTCACCCTGTC-1,650,4,4
GAAGTCTGTCGCAA-1,779,4,4
GAAGTCTGTTCTGT-1,648,1,1
GAAGTGCTAAACGA-1,817,3,3
GAAGTGCTCCGCTT-1,1127,2,2
GAAGTGCTTAACCG-1,882,1,1
GAATGCACCCTAAG-1,954,1,1
GAATGCACCTTCGC-1,830,3,3
GAATGCTGCGGTAT-1,732,0,0
GAATGGCTAAGATG-1,378,5,5
GAATTAACGATAAG-1,783,0,0
GAATTAACGGTCAT-1,756,3,3
GAATTAACGTCGTA-1,708,3,3
GAATTAACTGAAGA-1,976,4,4
GACAACACAGGCGA-1,718,0,0
GACAACACATCGTG-1,887,0,0
GACAACACTCGCCT-1,809,0,0
GACAACTGAGGTTC-1,795,1,1
GACAGGGAAGAGTA-1,662,4,4
GACAGGGAATGCCA-1,912,1,1
GACAGTACGAGCTT-1,1550,6,6
GACAGTACTTCGGA-1,1509,6,6
GACAGTTGAGTAGA-1,1021,4,4
GACATTCTCCACCT-1,1751,7,7
GACCAAACGACTAC-1,776,2,2
GACCAAACGTATCG-1,910,2,2
GACCATGACTCTCG-1,446,2,2
GACCCTACTAAAGG-1,714,4,4
GACCTAGACCTCAC-1,530,5,5
GACCTAGACGAGAG-1,846,1,1
GACCTCACAAGGTA-1,631,0,0
GACCTCACGTACGT-1,1152,6,6
GACCTCTGCATCAG-1,1118,1,1
GACGAACTCCCACT-1,755,0,0
GACGATTGCCAATG-1,573,4,4
GACGCCGACCTTCG-1,1176,3,3
GACGCTCTCTCTCG-1,267,5,5
GACGGCACACGGGA-1,918,3,3
GACGGCACGAGATA-1,1132,2,2
GACGTAACCTATGG-1,849,0,0
GACGTAACCTGTGA-1,938,0,0
GACGTAACTATGGC-1,1140,1,1
GACGTATGTTGACG-1,909,0,0
GACGTATGTTTGCT-1,840,0,0
GACGTCCTACGGAG-1,806,0,0
GACGTCCTCTCAAG-1,904,2,2
GACGTCCTGATAAG-1,788,4,4
GACTACGATGGTCA-1,778,4,4
GACTCCTGCTCGCT-1,715,0,0
GACTCCTGGGTTAC-1,869,0,0
GACTCCTGTTATCC-1,714,5,5
GACTCCTGTTGGTG-1,883,2,2
GACTGAACAACCGT-1,332,5,5
GACTGAACCAATCG-1,767,2,2
GACTGATGTGATGC-1,858,1,1
GACTTTACATGCCA-1,788,0,0
GACTTTACGACAGG-1,553,4,4
GAGAAATGTTCTCA-1,634,0,0
GAGATAGAAAAAGC-1,1230,2,2
GAGATCACGACAAA-1,1131,6,6
GAGATGCTCTGGAT-1,849,3,3
GAGATGCTGAATGA-1,811,5,5
GAGCAGGATTCCCG-1,827,3,3
GAGCATACTTTGCT-1,1753,1,1
GAGCGCACGCGTAT-1,713,2,2
GAGCGCACGGTGAG-1,484,5,5
GAGCGCTGAAGATG-1,783,3,3
GAGCGCTGTCTTAC-1,722,2,2
GAGCGGCTGGGAGT-1,596,4,4
GAGGACGACTCAGA-1,514,5,5
GAGGATCTGAAAGT-1,372,4,4
GAGGCAGACTTGCC-1,925,3,3
GAGGGAACACCAGT-1,747,5,5
GAGGGAACGAGGGT-1,840,5,5
GAGGGATGGGAAAT-1,673,5,5
GAGGGCCTTCACCC-1,955,3,3
GAGGGTGAAGAGTA-1,796,1,1
GAGGTACTACGGTT-1,719,0,0
GAGGTACTACTCAG-1,718,2,2
GAGGTACTGACACT-1,857,5,5
GAGGTACTGGGAGT-1,578,5,5
GAGGTACTTAGCGT-1,1063,6,6
GAGGTGGAGTACGT-1,594,0,0
GAGGTGGATCCTCG-1,997,3,3
GAGGTTACTCGTTT-1,1268,6,6
GAGGTTTGTAAGCC-1,341,2,2
GAGTCAACCATTCT-1,388,5,5
GAGTCAACGGGAGT-1,753,0,0
GAGTCTGATCGTGA-1,834,0,0
GAGTCTGATTTGGG-1,593,4,4
GAGTGACTCAGCTA-1,1189,3,3
GAGTGACTCGGTAT-1,911,3,3
GAGTGACTCTTGCC-1,738,4,4
GAGTGACTGACTAC-1,476,5,5
GAGTGACTGTCTAG-1,816,0,0
GAGTGGGAGTCTTT-1,641,4,4
GAGTGGGATGCCCT-1,746,1,1
GAGTGGGATGCTGA-1,635,4,4
GAGTGTTGCTGTAG-1,953,1,1
GAGTGTTGTGGTCA-1,801,0,0
GAGTTGTGCATGGT-1,326,2,2
GAGTTGTGCTGAGT-1,849,3,3
GAGTTGTGGCGAGA-1,499,2,2
GAGTTGTGGTAGCT-1,865,5,5
GAGTTGTGTATGCG-1,1420,6,6
GATAAGGAGAAACA-1,487,2,2
GATAAGGATTCACT-1,876,2,2
GATACTCTATCGGT-1,797,0,0
GATACTCTTACTTC-1,981,1,1
GATACTCTTGACTG-1,756,2,2
GATAGAGAAGGGTG-1,850,3,3
GATAGAGACTGTGA-1,1097,1,1
GATAGAGATCACGA-1,998,2,2
GATAGCACCCATAG-1,829,1,1
GATAGCACGAAGGC-1,1159,2,2
GATAGCACTTGTCT-1,955,1,1
GATATAACAAGGTA-1,1061,1,1
GATATAACACGCAT-1,696,0,0
GATATATGCTGGAT-1,786,0,0
GATATATGTCCGTC-1,743,3,3
GATATATGTGGAGG-1,1211,2,2
GATATCCTAGAAGT-1,893,0,0
GATATCCTCCCGTT-1,491,2,2
GATATTGACAGGAG-1,744,3,3
GATATTGACGAGTT-1,1447,6,6
GATATTGAGCCAAT-1,767,0,0
GATCCCTGACCTTT-1,1050,3,3
GATCCCTGTGTAGC-1,853,3,3
GATCCGCTGGTCAT-1,1118,2,2
GATCGAACCGAGAG-1,1428,1,1
GATCGATGACTAGC-1,555,4,4
GATCGATGGTAAAG-1,612,4,4
GATCGATGTAAGGA-1,854,2,2
GATCGTGACACTAG-1,789,1,1
GATCGTGATTCACT-1,889,5,5
GATCTACTGGTGAG-1,784,3,3
GATCTACTTTGCAG-1,712,4,4
GATCTTACACCCAA-1,1323,6,6
GATCTTACCCTACC-1,921,1,1
GATCTTACGAATAG-1,682,2,2
GATCTTACGAGATA-1,794,2,2
GATGCAACTCCAGA-1,846,1,1
GATGCCCTACGTAC-1,1012,1,1
GATGCCCTCTCATT-1,839,1,1
GATGCCCTGGCAAG-1,807,2,2
GATGCCCTTTTGCT-1,587,5,5
GATTACCTTGTTCT-1,881,0,0
GATTCGGAACGACT-1,781,0,0
GATTCGGACAGGAG-1,1010,2,2
GATTCGGAGAAGGC-1,1182,6,6
GATTCTTGATTCGG-1,1149,2,2
GATTCTTGCCGATA-1,812,0,0
GATTCTTGCGAGTT-1,607,4,4
GATTGGACCCGTTC-1,1155,1,1
GATTGGACGGTGTT-1,714,4,4
GATTGGACTTTCGT-1,642,4,4
GATTGGTGTGTCAG-1,1088,1,1
GATTTAGACACTCC-1,1291,6,6
GATTTAGACTAAGC-1,1196,3,3
GATTTAGATTCGTT-1,325,2,2
GATTTGCTAACGAA-1,804,0,0
GATTTGCTAACGGG-1,370,2,2
GCAACCCTCCTCGT-1,359,2,2
GCAACTGATTGCGA-1,855,0,0
GCAAGACTACTGGT-1,1165,1,1
GCAAGACTAGGTCT-1,836,5,5
GCAAGACTCCCTTG-1,923,1,1
GCAATCGACTGCAA-1,863,0,0
GCAATCGAGACGTT-1,1284,6,6
GCAATCGATCCTTA-1,1011,6,6
GCAATTCTCGTGTA-1,889,1,1
GCAATTCTTCTCCG-1,984,1,1
GCACAAACAATGCC-1,512,5,5
GCACAAACGGTACT-1,939,1,1
GCACAATGGTGCAT-1,883,7,7
GCACACCTGTGCTA-1,697,3,3
GCACCACTCATGAC-1,1211,2,2
GCACCACTGTTTGG-1,362,2,2
GCACCACTTCCTTA-1,969,3,3
GCACCACTTTCGGA-1,1135,2,2
GCACCTACGCGATT-1,1239,1,1
GCACCTTGGCTGTA-1,580,1,1
GCACCTTGGGGAGT-1,1103,6,6
GCACGGACCAGCTA-1,975,1,1
GCACGGTGACCTCC-1,825,0,0
GCACGGTGCTATGG-1,1170,2,2
GCACTAGAACGGGA-1,921,0,0
GCACTAGAAGATGA-1,640,4,4
GCACTAGACCTTTA-1,1180,6,6
GCACTAGACGTAAC-1,378,4,4
GCACTAGAGTCGTA-1,982,3,3
GCACTAGATGCAAC-1,916,1,1
GCACTGCTGAGGCA-1,1122,1,1
GCAGATACAGCGTT-1,792,3,3
GCAGATACGACGGA-1,619,0,0
GCAGATACGCAGAG-1,750,0,0
GCAGCCGACAGTCA-1,913,0,0
GCAGCGTGCACTCC-1,775,0,0
GCAGCTCTCAATCG-1,661,0,0
GCAGCTCTGTTTCT-1,766,5,5
GCAGGGCTAAGAAC-1,768,1,1
GCAGGGCTAAGGGC-1,675,5,5
GCAGGGCTATCGAC-1,944,3,3
GCAGGGCTTGGGAG-1,940,3,3
GCAGTCCTAACTGC-1,761,0,0
GCAGTCCTCTCTTA-1,727,0,0
GCATCAGATGCGTA-1,767,3,3
GCATGTGACAAGCT-1,873,0,0
GCATTGGAGAAGGC-1,1043,0,0
GCCAAAACGAGGCA-1,850,3,3
GCCAAATGATCGAC-1,995,1,1
GCCAACCTACGGTT-1,680,0,0
GCCAACCTCGCCTT-1,595,0,0
GCCACGGAGGCGAA-1,700,2,2
GCCACGGATACTGG-1,753,0,0
GCCACTACCTACTT-1,682,4,4
GCCACTACGTCTTT-1,736,0,0
GCCCAACTACCGAT-1,891,1,1
GCCCAACTATGGTC-1,685,3,3
GCCCATACAGCGTT-1,780,5,5
GCCGACGAACTCTT-1,986,6,6
GCCGAGTGCGTTGA-1,989,1,1
GCCGGAACGAACTC-1,830,3,3
GCCGGAACGTTCTT-1,810,3,3
GCCGGAACTGCACA-1,685,5,5
GCCGGAACTTACTC-1,784,0,0
GCCGTACTACCTGA-1,642,0,0
GCCGTACTGGCAAG-1,742,2,2
GCCTACACAGTTCG-1,961,3,3
GCCTACACCACTGA-1,906,6,6
GCCTACACCTTGAG-1,829,1,1
GCCTAGCTACGGAG-1,621,4,4
GCCTAGCTCTATTC-1,822,1,1
GCCTAGCTTCTCAT-1,717,1,1
GCCTAGCTTCTCTA-1,1210,6,6
GCCTCAACCATGGT-1,800,0,0
GCCTCAACTCTTTG-1,1963,1,1
GCCTCATGTCTTAC-1,749,1,1
GCCTGACTCTCAAG-1,757,2,2
GCGAAGGAACTCTT-1,570,5,5
GCGAAGGAGAGCTT-1,2710,1,1
GCGAAGGATGCCAA-1,831,0,0
GCGAGAGAGGGACA-1,721,5,5
GCGAGCACTGTCGA-1,336,4,4
GCGAGCACTTGACG-1,802,0,0
GCGAGCACTTGCTT-1,1001,6,6
GCGATATGGTACGT-1,886,3,3
GCGATATGGTGTTG-1,631,0,0
GCGCACGAAGTCGT-1,759,0,0
GCGCACGACTTTAC-1,631,2,2
GCGCATCTAGGTCT-1,550,5,5
GCGCATCTGGTTAC-1,984,4,4
GCGCATCTTCGATG-1,767,0,0
GCGCATCTTGCTCC-1,835,3,3
GCGCATCTTTCTAC-1,777,0,0
GCGCGAACGTTCTT-1,639,4,4
GCGCGATGAACGGG-1,860,0,0
GCGCGATGGTGCAT-1,1413,3,3
GCGGAGCTCCTGAA-1,747,1,1
GCGGCAACCCGATA-1,779,1,1
GCGGCAACGGAGGT-1,540,4,4
GCGGCAACTGTCGA-1,367,2,2
GCGTAAACACGGTT-1,1629,7,7
GCGTAATGCACCAA-1,1380,6,6
GCGTATGAACACCA-1,689,1,1
GCGTATGATGAGAA-1,1001,2,2
GCTACAGAAAGGTA-1,809,0,0
GCTACAGAATCTTC-1,337,4,4
GCTACAGATCTTAC-1,734,1,1
GCTACCTGAGAAGT-1,1103,2,2
GCTACCTGATCACG-1,796,0,0
GCTACGCTAGAATG-1,966,0,0
GCTACGCTAGCTAC-1,782,0,0
GCTACGCTCCCTAC-1,1018,3,3
GCTAGAACAGAGGC-1,642,4,4
GCTAGAACGGATCT-1,967,1,1
GCTAGAACTCCCGT-1,436,5,5
GCTAGATGAGCTCA-1,826,2,2
GCTAGATGGCGATT-1,779,3,3
GCTATACTAAGGCG-1,1000,0,0
GCTATACTAGCGTT-1,601,3,3
GCTATACTCTCTTA-1,796,1,1
GCTATACTGGACGA-1,945,1,1
GCTCAAGAACCATG-1,1679,6,6
GCTCAAGAAGTCAC-1,1123,6,6
GCTCAGCTGTCTAG-1,596,0,0
GCTCCATGAGAAGT-1,995,3,3
GCTCCATGCCGAAT-1,720,0,0
GCTCGACTCTAGTG-1,588,2,2
GCTGATGAGGTATC-1,759,2,2
GCTTAACTACAGTC-1,452,2,2
GCTTAACTACTGGT-1,780,3,3
GCTTAACTGCTGAT-1,836,1,1
GCTTAACTTAGACC-1,515,2,2
GCTTAACTTCAGTG-1,846,1,1
GGAACACTCACTTT-1,392,2,2
GGAACACTTCAGAC-1,283,5,5
GGAACTACTACTTC-1,710,0,0
GGAACTTGAAGGTA-1,1158,2,2
GGAACTTGAGAATG-1,796,0,0
GGAACTTGCTCCAC-1,895,2,2
GGAACTTGGGTAGG-1,585,4,4
GGAAGGACATCGGT-1,559,2,2
GGAAGGACCACTAG-1,859,3,3
GGAAGGACGAGGGT-1,879,1,1
GGAAGGACGCGAAG-1,858,3,3
GGAAGGTGGCGAGA-1,842,3,3
GGAATCTGAAGGGC-1,643,3,3
GGAATCTGAGGAGC-1,1308,1,1
GGAATCTGCTTAGG-1,595,4,4
GGAATCTGCTTGTT-1,1181,2,2
GGAATCTGGGAGGT-1,909,1,1
GGAATGCTTTCTAC-1,710,0,0
GGACAGGAAAGGGC-1,821,0,0
GGACAGGAGTGCTA-1,817,4,4
GGACAGGATCTCGC-1,841,1,1
GGACCCGAAGCTAC-1,1197,2,2
GGACCGTGCTTACT-1,640,2,2
GGACCGTGGGAACG-1,1425,7,7
GGACCGTGTAACGC-1,947,1,1
GGACCTCTGTAAGA-1,900,2,2
GGACCTCTTTTCTG-1,852,3,3
GGACGAGAGTGTCA-1,460,2,2
GGACGCTGACGCAT-1,1100,1,1
GGACGCTGCTAGCA-1,824,1,1
GGACGCTGTCCTCG-1,780,3,3
GGAGAGACGTGAGG-1,932,4,4
GGAGCAGATTCAGG-1,542,4,4
GGAGCCACCTTCTA-1,1137,1,1
GGAGCGCTACGCAT-1,1225,6,6
GGAGCGCTCCGAAT-1,997,1,1
GGAGGATGCCACCT-1,572,0,0
GGAGGATGGTTGAC-1,780,2,2
GGAGGATGTCAGTG-1,765,2,2
GGAGGCCTCGTTGA-1,906,3,3
GGAGGCCTTTCTTG-1,793,0,0
GGAGGTGATACGCA-1,753,0,0
GGAGGTGATCGCTC-1,772,3,3
GGATACTGCAGCTA-1,854,1,1
GGATACTGTCTAGG-1,936,1,1
GGATAGCTCGTCTC-1,1048,1,1
GGATAGCTCTGAAC-1,819,3,3
GGATGTACCAAAGA-1,645,4,4
GGATGTACGCGAAG-1,619,5,5
GGATGTACGTCTTT-1,314,2,2
GGATGTACGTGTCA-1,726,3,3
GGATTTCTAGGTTC-1,737,5,5
GGATTTCTTTGTCT-1,1162,2,2
GGCAAGGAAAAAGC-1,1081,3,3
GGCAAGGAAGAAGT-1,868,0,0
GGCAAGGACTTGGA-1,1032,2,2
GGCAAGGAGGACTT-1,913,1,1
GGCAATACGCTAAC-1,476,5,5
GGCAATACGGCATT-1,490,5,5
GGCAATACGTTTCT-1,799,4,4
GGCACGTGGCTTAG-1,1201,6,6
GGCACGTGTGAGAA-1,2694,1,1
GGCACTCTTTTGTC-1,997,3,3
GGCATATGCTTATC-1,898,3,3
GGCATATGGGGAGT-1,212,5,5
GGCATATGTGTGAC-1,1586,1,1
GGCCACGACAGAGG-1,427,5,5
GGCCAGACTGGTTG-1,947,0,0
GGCCCAGAAAGTAG-1,937,2,2
GGCCGAACAACGAA-1,724,0,0
GGCCGAACGCAGAG-1,380,5,5
GGCCGAACGTAGGG-1,715,0,0
GGCCGAACTCTAGG-1,739,3,3
GGCCGATGCAGGAG-1,931,1,1
GGCCGATGCCGAAT-1,973,1,1
GGCCGATGTACTCT-1,773,1,1
GGCGACACTGCCCT-1,1497,1,1
GGCGACTGCGTAAC-1,906,1,1
GGCGCATGCCTAAG-1,798,6,6
GGCGCATGCTCCAC-1,953,1,1
GGCGCATGTGGAAA-1,471,5,5
GGCGGACTAGAGGC-1,821,3,3
GGCGGACTAGGAGC-1,806,3,3
GGCGGACTCTGACA-1,714,0,0
GGCGGACTCTTGGA-1,828,3,3
GGCGGACTTACTGG-1,727,1,1
GGCGGACTTGAACC-1,773,0,0
GGCTAAACACCTGA-1,976,3,3
GGCTAAACTCTTAC-1,856,0,0
GGCTAATGAGCACT-1,727,3,3
GGCTAATGGTCTAG-1,761,0,0
GGCTCACTACTCAG-1,1084,2,2
GGGAACGAAGCTCA-1,1557,6,6
GGGAACGACACAAC-1,693,4,4
GGGAACGAGTGTCA-1,559,2,2
GGGAAGTGTTGAGC-1,627,2,2
GGGACCACACGTTG-1,795,3,3
GGGACCACAGAACA-1,750,0,0
GGGACCACGAATAG-1,838,1,1
GGGACCACGTCATG-1,803,0,0
GGGACCACTCAAGC-1,453,5,5
GGGACCACTCGTGA-1,734,0,0
GGGACCACTGCATG-1,607,0,0
GGGACCTGACCCTC-1,1029,2,2
GGGACCTGCTTGCC-1,805,1,1
GGGACCTGTGGAGG-1,669,4,4
GGGATGGACGACAT-1,505,4,4
GGGATGGATACTTC-1,858,3,3
GGGATGGATGGTTG-1,832,2,2
GGGATTACGTCTAG-1,1019,0,0
GGGCAAGATGCATG-1,585,2,2
GGGCACACGGTGAG-1,1225,6,6
GGGCACACGTTGCA-1,1287,1,1
GGGCAGCTTGGGAG-1,903,3,3
GGGCAGCTTTTCTG-1,752,1,1
GGGCCAACCTTGGA-1,2020,7,7
GGGCCAACGCGTTA-1,774,4,4
GGGCCAACTACGCA-1,666,2,2
GGGCCAACTCCAAG-1,843,4,4
GGGCCATGATGGTC-1,857,1,1
GGGCCATGTTGACG-1,887,3,3
GGGTAACTCAGCTA-1,1082,1,1
GGGTAACTCTAGTG-1,656,4,4
GGGTAACTCTGGAT-1,674,0,0
GGGTTAACGTGCAT-1,911,3,3
GGTAAAGAGCTAAC-1,734,3,3
GGTACAACTGCAAC-1,910,1,1
GGTACATGAAAGCA-1,672,4,4
GGTACATGAGCTCA-1,802,5,5
GGTACATGCGGTAT-1,539,5,5
GGTACATGGTTACG-1,699,0,0
GGTACATGTGGGAG-1,941,1,1
GGTACTGAACTCTT-1,828,2,2
GGTAGTACACCACA-1,800,0,0
GGTAGTACACTAGC-1,642,2,2
GGTAGTACCCTGTC-1,733,0,0
GGTAGTACGCCATA-1,607,2,2
GGTAGTACTGTCTT-1,992,1,1
GGTATCGAGACAAA-1,379,2,2
GGTATCGATGAACC-1,562,4,4
GGTCAAACCAAAGA-1,847,1,1
GGTCTAGAGAAACA-1,787,2,2
GGTCTAGATAGCGT-1,1461,6,6
GGTGATACCGACTA-1,732,4,4
GGTGATACGACTAC-1,941,2,2
GGTGATACTGTTTC-1,785,0,0
GGTGGAGAAACGGG-1,696,5,5
GGTGGAGAAGTAGA-1,795,3,3
GGTGGAGACAGATC-1,809,5,5
GGTGGAGATCGATG-1,828,0,0
GGTGGAGATCTCTA-1,651,2,2
GGTGGAGATTACTC-1,882,3,3
GGTTTACTACGCAT-1,972,3,3
GTAACGTGACCTCC-1,1323,2,2
GTAACGTGATCGGT-1,679,4,4
GTAACGTGCAGCTA-1,774,4,4
GTAACGTGGTTGAC-1,784,0,0
GTAAGCACAACGGG-1,766,0,0
GTAAGCACTCATTC-1,520,4,4
GTAAGCTGGTACCA-1,671,2,2
GTAATAACCTTCTA-1,796,2,2
GTAATAACGTTGTG-1,644,0,0
GTACCCTGACAGTC-1,1549,6,6
GTACCCTGGAGCTT-1,756,1,1
GTACCCTGTCCTTA-1,723,3,3
GTACCCTGTGAACC-1,788,0,0
GTACGTGAACGTTG-1,643,3,3
GTACTTTGTCGACA-1,856,0,0
GTAGACTGAGATGA-1,825,2,2
GTAGACTGTATTCC-1,730,0,0
GTAGCAACAGTCGT-1,831,2,2
GTAGCAACCATTTC-1,653,3,3
GTAGCAACGGTAGG-1,429,2,2
GTAGCATGCACTCC-1,641,4,4
GTAGCATGTAAGCC-1,637,2,2
GTAGCCCTGACGTT-1,812,0,0
GTAGCTGAAGCTAC-1,1527,6,6
GTAGCTGAATTCGG-1,859,1,1
GTAGGTACACGGGA-1,972,2,2
GTAGTGACCTCATT-1,744,0,0
GTAGTGTGAGCGGA-1,869,3,3
GTAGTGTGAGGCGA-1,508,2,2
GTAGTGTGTGGTTG-1,624,0,0
GTATCACTGGTAGG-1,923,2,2
GTATCTACAGAAGT-1,976,3,3
GTATCTACGACGAG-1,801,3,3
GTATCTACGTTACG-1,1014,0,0
GTATTAGAAACAGA-1,1429,3,3
GTATTAGAGGTCTA-1,586,5,5
GTATTCACACAGCT-1,692,5,5
GTATTCACGGGTGA-1,704,3,3
GTCAACGACACTGA-1,1176,1,1
GTCAACGAGTGTAC-1,806,2,2
GTCAACGATCAGGT-1,324,5,5
GTCAATCTACACCA-1,883,3,3
GTCAATCTGTAGCT-1,1249,1,1
GTCAATCTTGTGGT-1,765,0,0
GTCACCTGCCTCCA-1,743,1,1
GTCACCTGTCCCGT-1,907,1,1
GTCATACTAATCGC-1,666,4,4
GTCATACTGCGATT-1,669,3,3
GTCATACTTCGCCT-1,364,5,5
GTCATACTTTACCT-1,794,3,3
GTCATACTTTGACG-1,959,0,0
GTCCAAGAAAAACG-1,766,0,0
GTCCACTGACCTCC-1,937,0,0
GTCCACTGGGTACT-1,1398,6,6
GTCCAGCTACGGGA-1,942,0,0
GTCCCATGTGGTGT-1,1469,2,2
GTCGAATGAAGGCG-1,905,2,2
GTCGACCTGAATGA-1,812,3,3
GTCGACCTGTTCAG-1,572,0,0
GTCGCACTTGAGAA-1,1378,1,1
GTCTAACTGGTCTA-1,1058,6,6
GTCTAGGAGCTTCC-1,1215,2,2
GTGAACACACTCTT-1,697,0,0
GTGAACACAGATCC-1,424,5,5
GTGAACACTCAGGT-1,531,5,5
GTGACCCTTAAGCC-1,676,3,3
GTGATGACAAGTGA-1,1819,1,1
GTGATGACCTGAGT-1,503,4,4
GTGATGACGGTTTG-1,801,3,3
GTGATTCTCATTTC-1,943,1,1
GTGATTCTCTCTCG-1,874,2,2
GTGATTCTGGTTCA-1,813,3,3
GTGATTCTGTCGAT-1,694,0,0
GTGATTCTTAGCGT-1,494,4,4
GTGCCACTCAGGAG-1,660,0,0
GTGGATTGCACTAG-1,1467,6,6
GTGGATTGCGGAGA-1,976,1,1
GTGGATTGTAACGC-1,833,0,0
GTGTACGATCAGTG-1,689,0,0
GTGTAGTGGGTACT-1,921,1,1
GTGTATCTAGCCTA-1,625,4,4
GTGTATCTAGTAGA-1,1428,1,1
GTGTATCTGTTACG-1,817,4,4
GTGTCAGAAGCGTT-1,909,3,3
GTGTCAGAATGCTG-1,326,5,5
GTTAAAACCGAGAG-1,956,3,3
GTTAAAACTTCGCC-1,676,5,5
GTTAAATGCTCGAA-1,765,0,0
GTTAAATGTCGACA-1,1207,1,1
GTTAACCTAGCTAC-1,829,1,1
GTTAACCTTGCTTT-1,1648,7,7
GTTAGGTGCACTCC-1,554,5,5
GTTAGGTGCCAGTA-1,1500,2,2
GTTAGGTGCCCAAA-1,953,2,2
GTTAGGTGGAACTC-1,647,4,4
GTTAGTCTAAGAAC-1,537,5,5
GTTATAGAGGACAG-1,786,0,0
GTTATGCTTTCATC-1,814,0,0
GTTCAACTGGGACA-1,761,3,3
GTTCAACTTATGCG-1,862,0,0
GTTGACGAGCCCTT-1,838,3,3
GTTGACGATATCGG-1,1102,3,3
GTTGAGTGGTCTTT-1,1392,2,2
GTTGAGTGTGCTTT-1,1042,1,1
GTTGATCTGGGACA-1,372,5,5
GTTGATCTTTTCAC-1,971,3,3
GTTGGATGTTTACC-1,1364,6,6
GTTGTACTATTCCT-1,1137,2,2
GTTGTACTTTTGGG-1,847,0,0
GTTTAAGACCATGA-1,935,2,2
GTTTAAGACTGTCC-1,710,3,3
TAAACAACCAACCA-1,1070,1,1
TAAACAACGAATCC-1,914,4,4
TAAAGACTCAGGAG-1,855,0,0
TAAATCGATGAGGG-1,759,0,0
TAACAATGTGCCCT-1,654,4,4
TAACACCTTCGCTC-1,981,2,2
TAACACCTTCGTAG-1,1193,2,2
TAACACCTTGTTTC-1,397,5,5
TAACATGACACTAG-1,1123,1,1
TAACCGGACTTACT-1,616,0,0
TAACGTCTCAACCA-1,747,2,2
TAACGTCTCATTGG-1,876,1,1
TAACTAGAATTTCC-1,949,0,0
TAACTAGACTTAGG-1,965,1,1
TAACTAGATCTGGA-1,789,0,0
TAACTCACGAGGAC-1,752,2,2
TAACTCACGTACAC-1,717,4,4
TAACTCACGTATCG-1,1198,2,2
TAACTCACTCTACT-1,952,3,3
TAAGAACTGTGTCA-1,625,2,2
TAAGAGGACTAAGC-1,784,4,4
TAAGAGGACTTGTT-1,914,3,3
TAAGATACCCACAA-1,534,5,5
TAAGATACGGTTCA-1,659,2,2
TAAGATTGCGTAGT-1,913,0,0
TAAGATTGTTGCTT-1,863,0,0
TAAGCGTGAGGTTC-1,959,2,2
TAAGCGTGGACAAA-1,1637,6,6
TAAGCGTGGGAAAT-1,796,0,0
TAAGCGTGTGCTCC-1,1508,6,6
TAAGGCTGCCATGA-1,906,0,0
TAAGGCTGCTGCTC-1,714,0,0
TAAGGCTGTCTCGC-1,1195,2,2
TAAGGGCTGCTGTA-1,867,3,3
TAAGGGCTTTACTC-1,819,0,0
TAAGTAACCGAGAG-1,375,4,4
TAAGTAACCTCCAC-1,656,4,4
TAAGTAACCTGTAG-1,1047,1,1
TAAGTAACTTGTCT-1,745,3,3
TAATGATGAGCGGA-1,866,1,1
TAATGCCTCATGAC-1,1186,1,1
TAATGCCTCGTCTC-1,1669,3,3
TAATGTGAAGATGA-1,539,5,5
TAATGTGACTGCAA-1,942,2,2
TAATGTGATTACTC-1,839,1,1
TACAAATGGGTACT-1,927,1,1
TACAATGAAAACAG-1,796,2,2
TACAATGACTTAGG-1,734,3,3
TACAATGATGCTAG-1,831,1,1
TACACACTCACACA-1,967,1,1
TACACACTCTTACT-1,620,5,5
TACATAGAACGCAT-1,814,3,3
TACATCACACGGGA-1,605,0,0
TACATCACCTGTTT-1,1391,6,6
TACATCACGCTAAC-1,655,4,4
TACATCACTGAACC-1,1512,6,6
TACCATTGAGGTTC-1,625,3,3
TACCATTGCGGGAA-1,719,6,6
TACCATTGGGGATG-1,547,2,2
TACCATTGTGAGGG-1,864,2,2
TACCGGCTGTTGGT-1,902,1,1
TACGAGTGATCTCT-1,853,1,1
TACGAGTGATGCTG-1,1143,6,6
TACGAGTGCGGAGA-1,990,3,3
TACGAGTGGTTGGT-1,858,0,0
TACGATCTAGTGTC-1,604,5,5
TACGATCTCACTGA-1,1291,6,6
TACGATCTTACGAC-1,701,5,5
TACGCAGACGTCTC-1,340,5,5
TACGCAGAGAATCC-1,859,5,5
TACGCCACATTCCT-1,768,0,0
TACGCCACTCCCAC-1,1621,6,6
TACGCCACTCCGAA-1,715,4,4
TACGCGCTCTTCTA-1,642,5,5
TACGGAACGCGTTA-1,594,4,4
TACGGCCTGGGACA-1,783,3,3
TACGGCCTGTCCTC-1,419,5,5
TACGTACTACGGAG-1,1608,1,1
TACGTACTCAGTTG-1,927,1,1
TACGTACTCCCGTT-1,740,4,4
TACGTTACAGAAGT-1,805,1,1
TACGTTACCAAGCT-1,705,2,2
TACTAAGAAAGGTA-1,491,4,4
TACTAAGAATCACG-1,514,5,5
TACTAAGATGATGC-1,768,2,2
TACTAAGATTGCGA-1,880,1,1
TACTACACGAGAGC-1,993,1,1
TACTACACTTACCT-1,356,4,4
TACTACTGAACCTG-1,748,2,2
TACTACTGATGTCG-1,993,3,3
TACTACTGATTCTC-1,801,0,0
TACTACTGTATGGC-1,843,1,1
TACTCAACGGTCTA-1,1194,2,2
TACTCAACTGCTAG-1,794,4,4
TACTCCCTCAGTTG-1,606,5,5
TACTCTGAATCGAC-1,810,3,3
TACTCTGACGAGTT-1,882,0,0
TACTCTGATTGACG-1,682,4,4
TACTGGGATCGATG-1,1126,1,1
TACTGTTGAAAGCA-1,792,0,0
TACTGTTGAGGCGA-1,829,3,3
TACTGTTGCTGAAC-1,1657,1,1
TACTTGACTCCTCG-1,786,3,3
TACTTGACTGGTGT-1,610,4,4
TACTTTCTTTTGGG-1,664,3,3
TAGAAACTAATCGC-1,790,0,0
TAGAAACTGCTTCC-1,852,2,2
TAGAAACTGGGATG-1,678,3,3
TAGAATTGCGACAT-1,589,0,0
TAGAATTGTATCGG-1,930,1,1
TAGACGTGCTTGAG-1,690,3,3
TAGACGTGTCGCTC-1,840,0,0
TAGAGCACCTTACT-1,647,4,4
TAGATTGACTTGTT-1,622,4,4
TAGATTGAGGCATT-1,427,5,5
TAGCATCTCAGCTA-1,856,3,3
TAGCATCTCCCTCA-1,522,5,5
TAGCATCTGCTGTA-1,1262,6,6
TAGCATCTGGGACA-1,722,0,0
TAGCATCTTGTCGA-1,641,0,0
TAGCCCACAAAAGC-1,997,1,1
TAGCCCACAGCCAT-1,983,3,3
TAGCCCACAGCTAC-1,1099,3,3
TAGCCCACCCACAA-1,607,1,1
TAGCCCTGCGGAGA-1,704,0,0
TAGCCGCTTACGAC-1,947,1,1
TAGCCGCTTACTTC-1,886,3,3
TAGCCGCTTTCCAT-1,1062,6,6
TAGCTACTGAATAG-1,659,4,4
TAGCTACTGTAGCT-1,995,1,1
TAGCTACTTTTGCT-1,492,5,5
TAGGACTGTGCTGA-1,754,3,3
TAGGAGCTAAGGCG-1,676,4,4
TAGGAGCTGAGGGT-1,837,1,1
TAGGAGCTTGCATG-1,532,4,4
TAGGCAACCGTCTC-1,598,4,4
TAGGCATGCTCTCG-1,1274,4,4
TAGGCATGGCGAGA-1,921,3,3
TAGGCTGATGCCTC-1,700,2,2
TAGGGACTGAACTC-1,828,3,3
TAGGTCGACACTGA-1,828,0,0
TAGGTCGAGGATCT-1,543,4,4
TAGGTGACACACTG-1,815,3,3
TAGGTGACACGTTG-1,709,4,4
TAGGTGTGTTCTGT-1,842,5,5
TAGGTTCTGAAGGC-1,1200,1,1
TAGGTTCTTCTTAC-1,1126,6,6
TAGGTTCTTGCTGA-1,1327,2,2
TAGTAAACCTCGCT-1,849,0,0
TAGTAAACGTCACA-1,1160,1,1
TAGTAATGAGATCC-1,707,5,5
TAGTACCTAAGAAC-1,675,2,2
TAGTATGATCTTAC-1,709,4,4
TAGTATGATTCTCA-1,990,1,1
TAGTCTTGGCTGTA-1,270,5,5
TAGTCTTGGGACTT-1,445,5,5
TAGTCTTGTGGAAA-1,892,3,3
TAGTGGTGAAGTGA-1,1040,3,3
TAGTTAGAACCACA-1,832,3,3
TAGTTAGATGAACC-1,815,0,0
TATAAGACAACAGA-1,437,5,5
TATAAGACAGCTCA-1,1401,6,6
TATAAGTGACACCA-1,1341,6,6
TATAAGTGTATCGG-1,480,2,2
TATAAGTGTGGTGT-1,1517,6,6
TATACAGAACCCTC-1,704,3,3
TATACAGAAGAACA-1,622,0,0
TATACAGATCCAGA-1,823,1,1
TATACCACCTGATG-1,731,4,4
TATACGCTACCAAC-1,781,1,1
TATAGATGGACGGA-1,849,3,3
TATAGATGTTCCGC-1,1209,6,6
TATCACTGACTGTG-1,511,2,2
TATCCAACCAGCTA-1,472,2,2
TATCCAACTCTCTA-1,838,3,3
TATCGACTACTAGC-1,643,5,5
TATCGACTCGATAC-1,1101,6,6
TATCGTACAGATGA-1,879,3,3
TATCGTACATTCCT-1,895,2,2
TATCTCGAGAGATA-1,408,5,5
TATCTGACAGGTTC-1,832,3,3
TATCTGACTGTTTC-1,845,0,0
TATCTTCTAAACAG-1,928,1,1
TATGAATGGAGGAC-1,920,3,3
TATGAATGTTTGCT-1,1269,6,6
TATGCGGATAACCG-1,652,3,3
TATGGGTGCATCAG-1,1463,3,3
TATGGGTGCTAGCA-1,840,4,4
TATGGTCTCTACCC-1,706,0,0
TATGTCACGGAACG-1,956,4,4
TATGTCACTAACCG-1,1219,6,6
TATGTCACTTCTCA-1,612,4,4
TATGTGCTCCGATA-1,970,2,2
TATGTGCTGGATTC-1,789,0,0
TATTGCTGAAGAAC-1,382,2,2
TATTGCTGCCGTTC-1,533,4,4
TATTGCTGTCTGGA-1,627,0,0
TATTGCTGTGCACA-1,388,5,5
TATTTCCTATTGGC-1,655,2,2
TATTTCCTGGAGGT-1,1103,3,3
TATTTCCTGGTGTT-1,782,0,0
TCAACACTGTTTGG-1,1231,3,3
TCAAGGACAGCGTT-1,617,0,0
TCAAGGACATTCTC-1,589,3,3
TCAAGGACGGTGTT-1,758,2,2
TCAATCACACTCTT-1,882,3,3
TCAATCACAGTCGT-1,909,6,6
TCACAACTATGTGC-1,661,1,1
TCACAACTTTGCTT-1,558,2,2
TCACATACACTTTC-1,947,1,1
TCACATACAGGGTG-1,491,5,5
TCACCCGAGACGGA-1,1386,2,2
TCACCGTGCTCGCT-1,1481,6,6
TCACCTCTACGACT-1,823,3,3
TCACCTCTTCCAAG-1,1064,6,6
TCACGAGAGGAGGT-1,681,4,4
TCACTATGGGGCAA-1,652,3,3
TCACTATGGTTGTG-1,363,5,5
TCAGACGACGCTAA-1,824,1,1
TCAGACGACGTTAG-1,933,3,3
TCAGAGACTCCAGA-1,611,0,0
TCAGCAGACTCCAC-1,886,1,1
TCAGCGCTCTAGTG-1,806,3,3
TCAGCGCTGGATCT-1,531,4,4
TCAGCGCTGGTATC-1,864,0,0
TCAGGATGAAGTAG-1,648,5,5
TCAGGATGCCTTTA-1,1142,6,6
TCAGTGGAAGATCC-1,736,3,3
TCAGTTACCTACGA-1,955,2,2
TCAGTTACTAGAAG-1,826,1,1
TCATCAACCCGATA-1,725,0,0
TCATCAACTGTTCT-1,1174,6,6
TCATCATGCAGTTG-1,841,1,1
TCATCCCTTACTGG-1,1006,1,1
TCATTCGATACAGC-1,1418,6,6
TCCACGTGGAAACA-1,955,0,0
TCCACTCTACACTG-1,829,3,3
TCCACTCTGAGCTT-1,1038,6,6
TCCACTCTTACTTC-1,632,4,4
TCCATAACAAAGTG-1,750,0,0
TCCATAACCGTAGT-1,846,4,4
TCCATAACGATGAA-1,1033,0,0
TCCATAACTACGCA-1,859,0,0
TCCATCCTCCCTAC-1,890,3,3
TCCCACGATCATTC-1,893,1,1
TCCCATCTCAAAGA-1,1030,2,2
TCCCGAACACAGTC-1,913,3,3
TCCCGAACTTCGCC-1,1385,6,6
TCCCGATGAGATCC-1,750,5,5
TCCCGATGCCTGAA-1,416,2,2
TCCCGATGCTGTGA-1,740,5,5
TCCCTACTCAACTG-1,703,4,4
TCCGAAGACAATCG-1,522,2,2
TCCGAAGACGTTAG-1,856,1,1
TCCGGACTGAGGTG-1,914,1,1
TCCGGACTGTACGT-1,742,3,3
TCCTAAACATCGAC-1,381,5,5
TCCTAAACCGAGAG-1,1079,1,1
TCCTAAACCGCATA-1,671,3,3
TCCTAATGGTTTGG-1,1101,3,3
TCCTACCTGTCGTA-1,858,1,1
TCCTATGAAAAGCA-1,663,3,3
TCGAATCTCTGGTA-1,581,3,3
TCGACCTGCCGATA-1,845,6,6
TCGACGCTTCTATC-1,881,2,2
TCGACGCTTTGACG-1,823,0,0
TCGAGAACGACAGG-1,835,1,1
TCGAGAACGTTAGC-1,1290,3,3
TCGAGCCTATCAGC-1,598,4,4
TCGAGCCTGCGAGA-1,1130,1,1
TCGAGCCTTGTGAC-1,793,1,1
TCGATACTATTCCT-1,838,0,0
TCGATACTTGCACA-1,765,5,5
TCGATTTGATGCCA-1,768,2,2
TCGATTTGCACTCC-1,815,1,1
TCGATTTGCAGCTA-1,810,3,3
TCGATTTGCCTACC-1,912,2,2
TCGATTTGTCGTGA-1,818,4,4
TCGCACACCATCAG-1,468,2,2
TCGCAGCTAGATCC-1,790,0,0
TCGCCATGAGACTC-1,665,0,0
TCGCCATGTGGTCA-1,703,4,4
TCGGACCTAACAGA-1,875,1,1
TCGGACCTATAAGG-1,657,4,4
TCGGACCTGTACAC-1,1567,1,1
TCGGTAGAGTAGGG-1,688,0,0
TCGGTAGATCCCAC-1,749,4,4
TCGTAGGATCGACA-1,1076,1,1
TCGTGAGAACTGTG-1,326,5,5
TCGTTATGGACAAA-1,782,0,0
TCTAACACCAGTTG-1,543,5,5
TCTAACACGAGCAG-1,1100,7,7
TCTAACTGAACCAC-1,841,1,1
TCTAAGCTAATGCC-1,809,1,1
TCTAAGCTTAGTCG-1,789,3,3
TCTAAGCTTCTAGG-1,1263,6,6
TCTAAGCTTGTTCT-1,758,2,2
TCTAAGCTTTCGCC-1,368,4,4
TCTACAACGACTAC-1,1022,2,2
TCTAGACTTAGAAG-1,730,2,2
TCTAGTTGCACCAA-1,1101,6,6
TCTATGTGAAGAGT-1,478,2,2
TCTATGTGAGTCTG-1,488,5,5
TCTCAAACCTAAGC-1,618,4,4
TCTCTAGAATTTCC-1,940,1,1
TCTGATACACGTGT-1,771,0,0
TCTGATACTCGCCT-1,784,0,0
TCTTACGAACCTGA-1,847,2,2
TCTTCAGAGCTACA-1,1303,2,2
TCTTGATGCGGAGA-1,821,3,3
TGAAATTGGTGAGG-1,1111,2,2
TGAACCGAAAACGA-1,752,0,0
TGAACCGACTACTT-1,1128,6,6
TGAACCGATTCGGA-1,958,6,6
TGAAGCACTCACGA-1,742,5,5
TGAAGCTGAACGAA-1,782,0,0
TGAAGCTGAGACTC-1,279,5,5
TGAAGCTGCATGGT-1,824,4,4
TGAAGCTGCGTAAC-1,751,0,0
TGAATAACCACTTT-1,872,0,0
TGAATAACTCCCAC-1,939,3,3
TGACACGACCTTAT-1,606,4,4
TGACCAGACAACCA-1,698,5,5
TGACCAGAGGATTC-1,705,0,0
TGACCGCTAAAAGC-1,963,1,1
TGACCGCTCTGCAA-1,607,0,0
TGACGATGCAAAGA-1,621,2,2
TGACGCCTGTACCA-1,1650,1,1
TGACGCCTTTACTC-1,1093,3,3
TGACTGGAAGAGAT-1,545,2,2
TGACTGGACCGTAA-1,670,5,5
TGACTGGACGCAAT-1,617,0,0
TGACTGGAGGACAG-1,723,4,4
TGACTGGATTCTCA-1,1194,1,1
TGACTTACACACCA-1,1019,1,1
TGACTTACAGTCTG-1,1291,2,2
TGACTTTGCGCATA-1,758,0,0
TGACTTTGTTTGTC-1,855,0,0
TGAGACACAAGGTA-1,1549,1,1
TGAGACACTCAAGC-1,743,3,3
TGAGACACTGTGCA-1,411,5,5
TGAGCTGAATGCTG-1,1372,6,6
TGAGCTGACTGGAT-1,802,2,2
TGAGCTGAGCGAGA-1,280,5,5
TGAGCTGATGCTAG-1,337,2,2
TGAGGACTCTCATT-1,1121,2,2
TGAGGACTTCATTC-1,1028,1,1
TGAGGTACGAACCT-1,1524,6,6
TGAGTCGAGTTACG-1,645,4,4
TGAGTGACTGAGCT-1,847,0,0
TGATAAACGAATCC-1,866,0,0
TGATAAACTCCGTC-1,941,3,3
TGATAAACTTTCAC-1,751,0,0
TGATACCTCACTAG-1,583,2,2
TGATACCTGTTGGT-1,796,1,1
TGATACCTTATGCG-1,793,0,0
TGATACCTTGAAGA-1,975,1,1
TGATATGAACCTTT-1,936,1,1
TGATCACTAGCATC-1,524,5,5
TGATCACTCTCGCT-1,659,0,0
TGATCACTTCTACT-1,607,4,4
TGATCGGACTGACA-1,1433,6,6
TGATCGGAGGAGCA-1,562,4,4
TGATCGGATATGCG-1,696,2,2
TGATTAGACATTGG-1,927,3,3
TGATTAGATGACTG-1,517,4,4
TGATTAGATGCTAG-1,719,1,1
TGATTCACTATGCG-1,599,0,0
TGATTCACTGTCAG-1,639,5,5
TGATTCTGCCGAAT-1,977,1,1
TGATTCTGCTCTTA-1,1019,1,1
TGCAAGTGAGAACA-1,816,3,3
TGCAAGTGGGTAGG-1,672,2,2
TGCAATCTTCAGGT-1,1903,7,7
TGCACAGACGACAT-1,1162,3,3
TGCCAAGAGCAGTT-1,964,6,6
TGCCAAGATCTCTA-1,936,1,1
TGCCACTGAACGTC-1,947,1,1
TGCCACTGCGATAC-1,989,3,3
TGCCAGCTTGGCAT-1,790,0,0
TGCCCAACAGCAAA-1,902,1,1
TGCCCAACCGCATA-1,982,6,6
TGCCGACTCTCCCA-1,673,4,4
TGCGAAACAGTCAC-1,856,4,4
TGCGAAACGTTGCA-1,629,4,4
TGCGATGAACGGTT-1,692,4,4
TGCGATGACCTCGT-1,843,0,0
TGCGATGACTAGTG-1,940,4,4
TGCGATGACTGCTC-1,795,4,4
TGCGATGACTTGCC-1,780,4,4
TGCGATGAGTGCTA-1,821,2,2
TGCGCACTCTTGAG-1,471,2,2
TGCGTAGAATAAGG-1,702,2,2
TGCGTAGACGGGAA-1,631,4,4
TGCGTAGATGGTCA-1,1557,6,6
TGCTAGGAAACCGT-1,868,3,3
TGCTAGGATAGTCG-1,901,1,1
TGCTATACGGTTCA-1,798,2,2
TGCTATACTGCTGA-1,1020,3,3
TGCTGAGAGAGCAG-1,885,3,3
TGCTGAGATTATCC-1,881,1,1
TGGAAAGACTCTCG-1,719,4,4
TGGAAAGAGCGATT-1,1043,1,1
TGGAAAGAGGTCAT-1,1238,6,6
TGGAAAGATATGGC-1,565,0,0
TGGAACACAAACAG-1,776,3,3
TGGAACACGCTAAC-1,696,5,5
TGGAAGCTCAGATC-1,725,3,3
TGGACCCTACACTG-1,365,2,2
TGGACCCTCATGGT-1,811,3,3
TGGACCCTGGTACT-1,1212,6,6
TGGACTGAGTATGC-1,1178,1,1
TGGAGACTATCAGC-1,1132,2,2
TGGAGACTGAAACA-1,273,5,5
TGGAGACTTCAAGC-1,661,0,0
TGGAGACTTGACCA-1,831,3,3
TGGAGGGACGGAGA-1,786,6,6
TGGAGGGAGCTATG-1,471,5,5
TGGATCGATAAAGG-1,835,1,1
TGGATGTGACCTAG-1,564,4,4
TGGATGTGATGTCG-1,913,1,1
TGGATGTGTGAAGA-1,929,4,4
TGGATTCTCATACG-1,958,3,3
TGGCAATGCTTGTT-1,706,4,4
TGGCAATGGAGGGT-1,737,0,0
TGGCACCTTCACGA-1,388,5,5
TGGCACCTTCAGTG-1,842,2,2
TGGGTATGAAGAGT-1,965,1,1
TGGGTATGCACAAC-1,1088,1,1
TGGGTATGGTACGT-1,511,4,4
TGGGTATGTTTGGG-1,794,6,6
TGGTAGACATGCCA-1,900,1,1
TGGTAGACCCTCAC-1,865,3,3
TGGTAGACCTGATG-1,789,5,5
TGGTAGTGCACTGA-1,504,2,2
TGGTATCTAAACAG-1,701,0,0
TGGTATCTCTTCCG-1,817,1,1
TGGTCAGACCCAAA-1,796,5,5
TGGTCAGACCGTTC-1,542,3,3
TGGTTACTGACGTT-1,972,2,2
TGGTTACTGTTCTT-1,906,1,1
TGTAACCTAGAGGC-1,871,1,1
TGTAACCTTGCCTC-1,922,2,2
TGTAATGACACAAC-1,724,3,3
TGTAATGAGGTAAA-1,628,3,3
TGTACTTGCTCTAT-1,1479,6,6
TGTAGGTGCGAGAG-1,533,4,4
TGTAGGTGCTATGG-1,1101,1,1
TGTAGGTGCTCTAT-1,1913,7,7
TGTAGGTGTGCTGA-1,855,1,1
TGTAGTCTTCCAGA-1,1266,1,1
TGTAGTCTTGCACA-1,884,3,3
TGTATCTGTTAGGC-1,817,5,5
TGTATGCTCATGGT-1,619,4,4
TGTATGCTGTAGGG-1,591,3,3
TGTATGCTTTCATC-1,685,1,1
TGTCAGGAATACCG-1,887,0,0
TGTCAGGAGATGAA-1,1336,6,6
TGTCTAACCCCTTG-1,656,0,0
TGTGACGATTCTCA-1,1227,1,1
TGTGAGACTGTCAG-1,980,6,6
TGTGAGACTTGAGC-1,817,1,1
TGTGAGTGACCACA-1,582,0,0
TGTGAGTGAGTGCT-1,1370,6,6
TGTGAGTGGAGATA-1,460,5,5
TGTGATCTCTCTAT-1,638,4,4
TGTGATCTGACACT-1,471,5,5
TGTGGATGGCCAAT-1,650,4,4
TGTTAAGACAAAGA-1,414,2,2
TGTTAAGATAAGGA-1,907,2,2
TGTTAAGATTGGCA-1,308,2,2
TGTTACACCGCATA-1,1147,6,6
TGTTACACGACTAC-1,732,6,6
TGTTACTGGCTACA-1,992,3,3
TGTTACTGTAGTCG-1,801,3,3
TTAACCACCGTAAC-1,822,0,0
TTAACCACTAAGGA-1,529,5,5
TTAACCACTCAGAC-1,737,5,5
TTACACACGTGTTG-1,806,1,1
TTACACACTCCTAT-1,816,1,1
TTACCATGAATCGC-1,889,2,2
TTACCATGGTTGAC-1,1305,1,1
TTACCATGTGTCTT-1,588,5,5
TTACCATGTTGTGG-1,657,4,4
TTACGACTGAGAGC-1,1154,1,1
TTACGACTTGACAC-1,713,2,2
TTACGTACGTTCAG-1,326,5,5
TTACTCGAACGTTG-1,3315,1,1
TTACTCGAAGAATG-1,1129,2,2
TTACTCGACGCAAT-1,1603,7,7
TTACTCGAGGGTGA-1,879,1,1
TTACTCGATCTACT-1,1156,3,3
TTAGAATGTGGTGT-1,642,5,5
TTAGAATGTGTAGC-1,285,5,5
TTAGACCTCCTACC-1,825,0,0
TTAGACCTCCTTTA-1,823,2,2
TTAGCTACAACCGT-1,719,0,0
TTAGCTACTGTCCC-1,1253,6,6
TTAGCTACTTTCGT-1,971,0,0
TTAGGGACGCGAAG-1,853,3,3
TTAGGGTGCTGGAT-1,916,4,4
TTAGGGTGTCCTGC-1,1053,6,6
TTAGGTCTACTTTC-1,515,2,2
TTAGTCACCAGTTG-1,1017,1,1
TTAGTCTGAAAGCA-1,953,4,4
TTAGTCTGCCAACA-1,832,3,3
TTAGTCTGTGCACA-1,645,5,5
TTATCCGACTAGTG-1,667,4,4
TTATCCGAGAAAGT-1,1326,6,6
TTATGAGAGATAAG-1,547,5,5
TTATGCACGTCACA-1,636,4,4
TTATGGCTTATGGC-1,1783,7,7
TTATTCCTATGCTG-1,1211,6,6
TTATTCCTGGACAG-1,788,4,4
TTATTCCTGGTACT-1,807,4,4
TTATTCCTTCGTGA-1,1104,0,0
TTCAAAGATAAAGG-1,884,1,1
TTCAACACAACAGA-1,848,0,0
TTCAACACCCCAAA-1,788,2,2
TTCAACACGGACGA-1,1013,6,6
TTCAAGCTAAGAAC-1,1003,2,2
TTCAAGCTAGATGA-1,916,1,1
TTCAAGCTGTTGAC-1,818,1,1
TTCAAGCTTCCAAG-1,406,5,5
TTCAAGCTTGATGC-1,828,0,0
TTCAAGCTTTCGCC-1,882,1,1
TTCACAACCCGTTC-1,959,2,2
TTCACAACGTCTGA-1,395,2,2
TTCAGACTACCCAA-1,368,5,5
TTCAGACTCTCGAA-1,787,1,1
TTCAGTACCGACTA-1,929,1,1
TTCAGTACTCAAGC-1,1379,1,1
TTCAGTACTCCTAT-1,711,2,2
TTCAGTTGCCAAGT-1,733,5,5
TTCAGTTGTCCTTA-1,752,4,4
TTCAGTTGTCTAGG-1,464,5,5
TTCAGTTGTCTCGC-1,626,4,4
TTCATCGAGGTGGA-1,735,2,2
TTCATGTGTGGTGT-1,946,1,1
TTCATTCTATGTCG-1,876,6,6
TTCATTCTTCTCTA-1,647,0,0
TTCCAAACCTATGG-1,536,2,2
TTCCAAACCTCCCA-1,954,4,4
TTCCAAACTCCCAC-1,486,5,5
TTCCAAACTTGACG-1,712,3,3
TTCCATGACGAGAG-1,786,2,2
TTCCATGACTGTCC-1,438,5,5
TTCCCACTTGAGGG-1,807,3,3
TTCCCACTTGTCTT-1,1016,2,2
TTCCTAGAAAGTGA-1,551,5,5
TTCCTAGACTAGTG-1,841,2,2
TTCGAGGACTCTAT-1,929,1,1
TTCGAGGAGGGCAA-1,757,3,3
TTCGAGGATAGAAG-1,971,6,6
TTCGATTGAGCATC-1,708,0,0
TTCGGAGAATGCCA-1,567,2,2
TTCGGAGATGTGCA-1,881,1,1
TTCGTATGAAAAGC-1,801,3,3
TTCGTATGGATAGA-1,873,3,3
TTCGTATGGTCTGA-1,805,0,0
TTCGTATGTCCTTA-1,1359,6,6
TTCTACGAACGTAC-1,866,0,0
TTCTACGAGTTGGT-1,945,1,1
TTCTAGTGACACGT-1,1068,1,1
TTCTAGTGCATGAC-1,819,2,2
TTCTAGTGGAGAGC-1,815,3,3
TTCTAGTGGTCACA-1,1058,6,6
TTCTCAGAAGAGAT-1,845,0,0
TTCTCAGAAGCATC-1,881,4,4
TTCTCAGATGGAGG-1,1051,3,3
TTCTGATGGAGACG-1,1179,3,3
TTCTTACTCTGGAT-1,718,2,2
TTGAACCTCCTTGC-1,657,4,4
TTGAATGAACTACG-1,882,6,6
TTGAATGACTTACT-1,709,0,0
TTGAATGATCTCAT-1,754,4,4
TTGACACTCTGTAG-1,735,0,0
TTGACACTGATAAG-1,603,4,4
TTGAGGACAGAACA-1,944,2,2
TTGAGGACTACGCA-1,1794,7,7
TTGAGGTGGACGGA-1,712,0,0
TTGCATTGAGCTAC-1,721,3,3
TTGCATTGCTAAGC-1,1097,2,2
TTGCATTGTGACTG-1,813,1,1
TTGCTAACACCAAC-1,788,3,3
TTGCTAACACGCTA-1,917,6,6
TTGCTAACCACTCC-1,656,0,0
TTGCTATGGTACGT-1,1104,2,2
TTGCTATGGTAGGG-1,1268,6,6
TTGGAGACCAATCG-1,1239,1,1
TTGGAGACGCTATG-1,862,2,2
TTGGAGACTATGGC-1,739,4,4
TTGGGAACTGAACC-1,858,1,1
TTGGTACTACTGGT-1,1066,6,6
TTGGTACTCTTAGG-1,752,1,1
TTGGTACTGAATCC-1,615,4,4
TTGGTACTGGATTC-1,721,4,4
TTGTACACGTTGTG-1,571,4,4
TTGTACACTTGCAG-1,861,1,1
TTGTAGCTAGCTCA-1,933,1,1
TTGTAGCTCTCTTA-1,807,4,4
TTGTCATGGACGGA-1,1082,3,3
TTTAGAGATCCTCG-1,820,4,4
TTTAGCTGATACCG-1,887,1,1
TTTAGCTGGATACC-1,850,2,2
TTTAGCTGTACTCT-1,1567,7,7
TTTAGGCTCCTTTA-1,803,2,2
TTTATCCTGTTGTG-1,1156,6,6
TTTCACGAGGTTCA-1,721,0,0
TTTCAGTGGAAGGC-1,692,0,0
TTTCAGTGTCACGA-1,700,4,4
TTTCAGTGTCTATC-1,458,2,2
TTTCAGTGTGCAGT-1,637,4,4
TTTCCAGAGGTGAG-1,873,3,3
TTTCGAACACCTGA-1,1544,7,7
TTTCGAACTCTCAT-1,1155,2,2
TTTCTACTGAGGCA-1,1227,1,1
TTTCTACTTCCTCG-1,622,4,4
TTTGCATGAGAGGC-1,454,5,5
TTTGCATGCCTCAC-1,724,0,0
